main_class	subclass	catalog	company	kegg	cid	inchi	neutral name	cas	formula	mass	mplush	mplushccs	mplushrsd	mplusna	mplusnaccs	mplusnarsd	mminush	mminushccs	mminushrsd	mplusdot	mplusdotccs	mplusdotrsd
Primary Metabolite	Amino Acid	H54409	Sigma-Aldrich	C01157	5810	PMMYEEVYMWASQN-DMTCNVIQSA-N	Trans-4-Hydroxy-L-proline	51-35-4	C5H9NO3	131.0576	132.0655	130.23	0.51	154.0473	N/A	N/A	130.0496	N/A	N/A			
Primary Metabolite	Amino Acid	sc-215594	Santa Cruz Biotechnology		99715	HXFOXFJUNFFYMO-BYPYZUCNSA-N	N-Alpha-Acetyl-L-Asparagine	4033-40-3	C6H10N2O4	174.0634	175.0713	N/A	N/A	197.0532	N/A	N/A	173.0555	137.87	0.45			
Primary Metabolite	Amino Acid	A7007	Sigma-Aldrich	C00019	34755	MEFKEPWMEQBLKI-AIRLBKTGSA-N	S-Adenosyl-L-methionine	29908-03-0	C15H22N6O5S	398.1371	399.1451	186.46	0.25	421.1269	N/A	N/A	397.1292	N/A	N/A			
Primary Metabolite	Amino Acid	920	Sigma-Aldrich	C01042	65065	OTCCIMWXFLJLIA-BYPYZUCNSA-N	N-Acetyl-L-aspartic acid	997-55-7	C6H9NO5	175.0474	176.0553	N/A	N/A	198.0372	143.7	0.2	174.0395	N/A	N/A			
Primary Metabolite	Amino Acid	S7129	Sigma-Aldrich	C01118	439406	GNISQJGXJIDKDJ-YFKPBYRVSA-N	O-Succinyl-L-homoserine	1492-23-5	C8H13NO6	219.0736	220.0816	147.46	0.04	242.0634	147.22	0.1	218.0657	N/A	N/A			
Primary Metabolite	Amino Acid			C01152	64969	JDHILDINMRGULE-LURJTMIESA-N	N(pi)-Methyl-L-histidine	368-16-1	C7H11N3O2	169.0845	170.0924	134.65	0.23	192.0742	N/A	N/A	168.0765	N/A	N/A			
Primary Metabolite	Amino Acid	M4017	Sigma-Aldrich	C01046	439377	XLBVNMSMFQMKEY-BYPYZUCNSA-N	N-Methyl-L-glutamate	35989-16-3	C6H11NO4	161.0681	162.0761	133.71	0.13	184.0579	N/A	N/A	160.0602	N/A	N/A			
Primary Metabolite	Amino Acid	S3132	Sigma-Aldrich	C05335	105024	RJFAYQIBOAGBLC-BYPYZUCNSA-N	L-Selenomethionine	3211-76-5	C5H11NO2Se	196.9948	198.0028	137.67	0.11	219.9846	N/A	N/A	195.9869	N/A	N/A			
Primary Metabolite	Amino Acid	C9625	Sigma-Aldrich	C00386	439224	CQOVPNPJLQNMDC-ZETCQYMHSA-N	Carnosine	305-84-0	C9H14N4O3	226.1059	227.1139	152.18	0.04	249.0957	N/A	N/A	225.098	154.93	0.11			
Primary Metabolite	Amino Acid	69453	Sigma-Aldrich	C05330	91552	FFFHZYDWPBMWHY-VKHMYHEASA-N	Homocysteine	454-29-5	C4H9NO2S	135.0348	136.0432	130.53	0.19	158.0252	N/A	N/A	134.0276	159.62	0.18			
Primary Metabolite	Amino Acid	B2629	Sigma-Aldrich	C00719	247	KWIUHFFTVRNATP-UHFFFAOYSA-N	Betaine	107-43-7	C5H11NO2	117.0783	118.0863	122.15	0.22	140.0681	135.56	0.04	116.0704	N/A	N/A			
Primary Metabolite	Amino Acid	D1156	Sigma-Aldrich	C01026	673	FFDGPVCHZBVARC-UHFFFAOYSA-N	N,N-Dimethylglycine	1118-68-9	C4H9NO2	103.1203	104.1276	123.9	0.12	126.1096	N/A	N/A	102.1131	N/A	N/A			
Primary Metabolite	Amino Acid	W326305	Sigma-Aldrich	C00097	5862	XUJNEKJLAYXESH-REOHCLBHSA-N	L-Cysteine	56-89-3	C3H7NO2S	121.0197	122.0276	149.57	0.04	144.0095	151.34	0.04	120.0119	144.47	0.07			
Primary Metabolite	Amino Acid	S4500	Sigma-Aldrich	C00716	617	MTCFGRXMJLQNBG-REOHCLBHSA-N	L-Serine	56-45-1	C3H7NO3	105.0419	106.0492	N/A	N/A	128.0311	N/A	N/A	104.0347	136.66	0.24			
Primary Metabolite	Amino Acid	P0380	Sigma-Aldrich	C00148	145742	ONIBWKKTOPOVIA-BYPYZUCNSA-N	L-Proline	147-85-3	C5H9NO2	115.0633	116.0706	129.86	0.19	138.0525	N/A	N/A	114.056	133.51	0.27			
Primary Metabolite	Amino Acid	V0500	Sigma-Aldrich	C00183	6287	KZSNJWFQEVHDMF-BYPYZUCNSA-N	L-Valine	72-18-4	C5H11NO2	117.079	118.0863	134.28	0.57	140.0682	144.07	0.18	116.0717	132.88	0.22			
Primary Metabolite	Amino Acid	T8625	Sigma-Aldrich	C00188	6288	AYFVYJQAPQTCCC-GBXIJSLDSA-N	L-Threonine	72-19-5	C4H9NO3	119.0582	120.0655	N/A	N/A	142.0475	N/A	N/A	118.051	141.36	0.28			
Primary Metabolite	Amino Acid	219959	Sigma-Aldrich	C03440	440014	PMMYEEVYMWASQN-IMJSIDKUSA-N	Cis-4-hydroxy-2-proline	618-27-9	C5H9NO3	131.0582	132.0655	N/A	N/A	154.0475	N/A	N/A	130.051	130	0.67			
Primary Metabolite	Amino Acid	I8754	Sigma-Aldrich	C21096	99288	AGPKZVBTJJNPAG-UHNVWZDZSA-N	L-Allo-Isoleucine	1509-34-8	‎C6H13NO2	131.0946	132.1019	N/A	N/A	154.0838	N/A	N/A	130.0873	134.45	0.09			
Primary Metabolite	Amino Acid	855448	Sigma-Aldrich	C01570	439524	ROHFNLRQFUQHCH-RXMQYKEDSA-N	D-Leucine	328-38-1	‎C6H13NO2	131.0946	132.1019	N/A	N/A	154.0838	N/A	N/A	130.0873	135.76	0.09			
Primary Metabolite	Amino Acid	L8000	Sigma-Aldrich	C00123	6106	ROHFNLRQFUQHCH-YFKPBYRVSA-N	L-Leucine	61-90-5	C6H13NO2	131.0946	132.1019	139.65	0.25	154.0838	N/A	N/A	130.0873	138.71	0.78			
Primary Metabolite	Amino Acid	I0460000	Sigma-Aldrich	C00407	6306	AGPKZVBTJJNPAG-WHFBIAKZSA-N	L-Isoleucine	73-32-5	‎C6H13NO2	131.0946	132.1019	137.7	0.22	154.0837	N/A	N/A	130.086	135.59	0.3			
Primary Metabolite	Amino Acid	A0884	Sigma-Aldrich	C00152	6267	DCXYFEDJOCDNAF-REOHCLBHSA-N	L-Asparagine	70-47-3	C4H8N2O3	132.0535	133.0608	131.54	0.39	155.0427	131.94	0.56	131.0462	127.11	0.88			
Primary Metabolite	Amino Acid	O2375	Sigma-Aldrich	C00077	6262	AHLPHDHHMVZTML-BYPYZUCNSA-N	L-Ornithine	70-26-8	C5H12N2O2	132.0899	133.0971	129.79	0.94	155.0791	N/A	N/A	131.0826	136.8	0.22			
Primary Metabolite	Amino Acid	A9256	Sigma-Aldrich	C00049	5960	CKLJMWTZIZZHCS-REOHCLBHSA-N	L-Aspartic Acid	56-84-8	C4H7NO4	133.0375	134.0448	N/A	N/A	156.0267	N/A	N/A	132.0302	121.92	0.91			
Primary Metabolite	Amino Acid	G3126	Sigma-Aldrich	C00064	5961	ZDXPYRJPNDTMRX-UHFFFAOYSA-N	Glutamine	56-85-9	C5H10N2O3	146.0691	147.0764	133.45	0.19	169.0584	138.11	0.92	145.0619	132.11	0.08			
Primary Metabolite	Amino Acid	L5501	Sigma-Aldrich	C00047	5962	KDXKERNSBIXSRK-YFKPBYRVSA-N	L-Lysine	56-87-1	C6H14N2O2	146.1055	147.1128	133.11	0.13	169.0947	N/A	N/A	145.0982	141.76	0.8			
Primary Metabolite	Amino Acid	219096	Sigma-Aldrich	C16433	424	CKLJMWTZIZZHCS-UHFFFAOYSA-N	D-Aspartic acid	617-45-8	C4H7NO4	133.0368	134.0448	N/A	N/A	156.0266	N/A	N/A	132.0289	121.85	0.79			
Primary Metabolite	Amino Acid	G1251	Sigma-Aldrich	C00025	33032	WHUUTDBJXJRKMK-VKHMYHEASA-N	L-Glutamic Acid	56-86-0	C5H9NO4	147.0532	148.0604	134.59	0.28	170.0424	N/A	N/A	146.0459	127.72	1			
Primary Metabolite	Amino Acid	M9625	Sigma-Aldrich	C01733	6137	FFEARJCKVFRZRR-BYPYZUCNSA-N	L-Methionine	63-68-3	C5H11NO2S	149.051	150.0583	137.1	0.04	172.0403	N/A	N/A	148.0438	152.05	0.5			
Primary Metabolite	Amino Acid	H8000	Sigma-Aldrich	C00135	6274	HNDVDQJCIGZPNO-YFKPBYRVSA-N	L-Histidine	71-00-1	C6H9N3O2	155.0694	156.0766	133.51	0.15	178.0586	137	0.08	154.0621	131.47	0.09			
Primary Metabolite	Amino Acid	P2126	Sigma-Aldrich	C00079	6140	COLNVLDHVKWLRT-QMMMGPOBSA-N	L-Phenylalanine	63-91-2	C9H11NO2	165.079	166.0863	145.24	0.14	188.0682	141.89	0.36	164.0717	146.52	0.24			
Primary Metabolite	Amino Acid	A5006	Sigma-Aldrich	C00062	6322	ODKSFYDXXFIFQN-BYPYZUCNSA-N	L-Arginine	74-79-3	C6H14N4O2	174.1117	175.1189	137.87	0.04	197.1009	N/A	N/A	173.1044	132.24	0.51			
Primary Metabolite	Amino Acid	C7629	Sigma-Aldrich	C00327	9750	RHGKLRLOHDJJDR-BYPYZUCNSA-N	L-Citrulline	372-75-8	C6H13N3O3	175.0957	176.103	N/A	N/A	198.0849	N/A	N/A	174.1794	139.51	0.3			
Primary Metabolite	Amino Acid	T3754	Sigma-Aldrich	C00082	6057	OUYCCCASQSFEME-QMMMGPOBSA-N	L-Tyrosine	60-18-4	C9H11NO3	181.0739	182.0812	148.49	0.14	204.0631	N/A	N/A	180.0666	148.26	0.21			
Primary Metabolite	Amino Acid	M0253	Sigma-Aldrich	C04771	3862	WZNJWVWKTVETCG-YFKPBYRVSA-N	L-Mimosine	500-44-7	C8H10N2O4	198.0641	199.0713	143.47	0.35	221.0533	N/A	N/A	197.0568	N/A	N/A			
Primary Metabolite	Amino Acid	A6001	Sigma-Aldrich	C03137	439917	DZTHIGRZJZPRDV-GFCCVEGCSA-N	N-Acetyl-D-tryptophan	2280-01-5	C13H14N2O3	246.0998	247.1077	155.67	0.13	269.0896	162.74	0.14	245.0918	161.97	0.11			
Primary Metabolite	Amino Acid	T0254	Sigma-Aldrich	C00806	1148	QIVBCDIJIAJPQS-VIFPVBQESA-N	L-Tryptophan	73-22-3	C11H12N2O2	204.0899	205.0971	154.22	0.07	227.0791	N/A	N/A	203.0826	158.58	0.59			
Primary Metabolite	Amino Acid	94348	Sigma-Aldrich		152323	YEIQSAXUPKPPBN-UHFFFAOYSA-N	N-(3-Phenylpropionyl) Glycine	56613-60-6	C11H13NO3	207.0895	208.0968	149.47	0.14	230.0788	150.61	0.73	206.0823	N/A	N/A			
Primary Metabolite	Amino Acid	C7505	Sigma-Aldrich	C00542	439258	ILRYLPWNYFXEMH-WHFBIAKZSA-N	L-Cystathionine	535-34-2	C7H14N2O4S	222.0674	223.0747	N/A	N/A	245.0566	N/A	N/A	221.0601	144.41	0.11			
Primary Metabolite	Amino Acid	16724	Cayman Chemical	C04148	92258	JFLIEFSWGNOPJJ-JTQLQIEISA-N	Phenylacetyl L-Glutamine	28047-15-6	C13H16N2O4	264.111	265.1183	160.93	0.13	287.1002	171.25	0.15	263.1037	169.17	0.22			
Primary Metabolite	Sugar	A8176	Sigma-Aldrich	C00645	439281	OVRNDRQMDRJTHS-ZTVVOAFPSA-N	N-Acetyl-D-mannosamine	3615-17-6	C8H15NO6	221.0893	222.0972	N/A	N/A	244.079	154.76	0.04	220.0813	N/A	N/A			
Primary Metabolite	Sugar	G8645	Sigma-Aldrich	C00191	94715	AEMOLEFTQBMNLQ-AQKNRBDQSA-N	D-Glucuronate	6556-12-3	C6H10O7	194.042	195.0499	N/A	N/A	217.0318	152.68	1.02	193.034	134.25	0.11			
Primary Metabolite	Sugar	F2252	Sigma-Aldrich	C01019	17106	SHZGCJCMOBCMKK-DHVFOXMCSA-N	6-Deoxy-L-galactose	2438-80-4	C6H12O5	164.0678	165.0758	N/A	N/A	187.0576	147.32	0.08	163.0599	N/A	N/A			
Primary Metabolite	Sugar	G7772	Sigma-Aldrich	C03251	439958	VFRROHXSMXFLSN-SLPGGIOYSA-N	Glucose-6-phosphate	299-31-0	C6H13O9P	260.0291	261.037	N/A	N/A	283.0188	162.6	0.4	259.0211	149.2	0.07			
Primary Metabolite	Sugar	F1127	Sigma-Aldrich	C01094	65246	ZKLLSNQJRLJIGT-UYFOZJQFSA-N	Fructose-1-phosphate	15978-08-2	C6H13O9P	260.0291	261.037	N/A	N/A	283.0188	159.68	0.07	259.0211	147.56	0.14			
Primary Metabolite	Sugar	F3627	Sigma-Aldrich	C00085	91746169	BGWGXPAPYGQALX-NQAPHZHOSA-N	Fructose-6-phosphate	643-13-0	C6H13O9P	260.0291	261.037	N/A	N/A	283.0188	N/A	N/A	259.0211	148.02	0.4			
Primary Metabolite	Sugar	G7000	Sigma-Aldrich	C00103	65533	HXXFSFRBOHSIMQ-GASJEMHNSA-N	Glucose-1-phosphate	59-56-3	C6H13O9P	260.0291	261.037	N/A	N/A	283.0188	161.61	0.57	259.0211	151.78	0.19			
Primary Metabolite	Sugar	A3131	Sigma-Aldrich	C00216	66308	PYMYPHUHKUWMLA-WDCZJNDASA-N	D-Arabinose	10323-20-3	C5H10O5	150.0528	151.0601	N/A	N/A	173.042	143.27	0.9	149.0455	N/A	N/A			
Primary Metabolite	Sugar	A3256	Sigma-Aldrich	C00259	439195	SRBFZHDQGSBBOR-HWQSCIPKSA-N	L-Arabinose	87-72-9	C5H10O5	150.0528	151.0601	N/A	N/A	173.042	141.86	0	149.0455	N/A	N/A			
Primary Metabolite	Sugar	R7500	Sigma-Aldrich	C00121	5779	HMFHBZSHGGEWLO-SOOFDHNKSA-N	D-(-)-Ribose	50-69-1	C5H10O5	150.0528	151.0601	N/A	N/A	173.042	137.6	0.18	149.0455	N/A	N/A			
Primary Metabolite	Sugar	75436	Sigma-Aldrich	C00508	644111	ZAQJHHRNXZUBTE-UCORVYFPSA-N	L-Ribulose	2042-27-5	C5H10O5	150.0528	151.0601	N/A	N/A	173.042	132.81	0.67	149.0455	N/A	N/A			
Primary Metabolite	Sugar	X4625	Sigma-Aldrich	C05052	5289590	ZAQJHHRNXZUBTE-WUJLRWPWSA-N	D-Xylulose	551-84-8	C5H10O5	150.0528	151.0601	N/A	N/A	173.042	141.76	0.31	149.0455	N/A	N/A			
Primary Metabolite	Sugar	X1500	Sigma-Aldrich	C00181	135191	SRBFZHDQGSBBOR-IOVATXLUSA-N	D-(+)-Xylose	58-86-6	C5H10O5	150.0528	151.0601	N/A	N/A	173.042	132.07	0.16	149.0455	N/A	N/A			
Primary Metabolite	Sugar	G0750	Sigma-Aldrich	C00124	6036	WQZGKKKJIJFFOK-SVZMEOIVSA-N	D-Galactose	59-23-4	C6H12O6	180.0634	181.0707	N/A	N/A	203.0526	142.39	0.06	179.0561	N/A	N/A			
Primary Metabolite	Sugar	G8270	Sigma-Aldrich	C00221	107526	WQZGKKKJIJFFOK-GASJEMHNSA-N	D-Glucose	50-99-7	C6H12O6	180.0634	181.0707	N/A	N/A	203.0526	147.32	0.21	179.0561	N/A	N/A			
Primary Metabolite	Sugar	F0127	Sigma-Aldrich	C10906	5984	BJHIKXHVCXFQLS-UYFOZJQFSA-N	D-Fructose	57-48-7	C6H12O6	180.0634	181.0707	N/A	N/A	203.0526	141.93	0.12	179.0561	N/A	N/A			
Primary Metabolite	Sugar	M6020	Sigma-Aldrich	C00159	18950	WQZGKKKJIJFFOK-QTVWNMPRSA-N	D-Mannose	3458-28-4	C6H12O6	180.0634	181.0707	N/A	N/A	203.0532	141.82	0.12	179.0561	N/A	N/A			
Primary Metabolite	Sugar	E0377	Sigma-Aldrich	C00279	122357	NGHMDNPXVRFFGS-IUYQGCFVSA-N	D-Erythrose 4-Phosphate	585-18-2	C4H9O7P	200.0086	201.0159	N/A	N/A	222.9978	153.89	0.77	199.0013	149.16	0.5			
Primary Metabolite	Sugar	7532	Sigma-Aldrich	C08355	5459879	HSNZZMHEPUFJNZ-SHUUEZRQSA-N	D-Sedoheptulose	3019-74-7	C7H14O7	210.0739	211.0812	N/A	N/A	233.0632	151.95	0.04	209.0667	150.44	1.09			
Primary Metabolite	Sugar	R7750	Sigma-Aldrich	C00117	77982	PPQRONHOSHZGFQ-LMVFSUKVSA-N	D-Ribose 5-Phosphate	4300-28-1	C5H11O8P	230.0192	231.0264	N/A	N/A	253.0084	155.8	0.13	229.0119	141.66	0.07			
Primary Metabolite	Sugar	R9875	Sigma-Aldrich	C00199	439184	FNZLKVNUWIIPSJ-UHNVWZDZSA-N	D-Ribulose 5-Phosphate	4151-19-3	C5H11O8P	230.0192	231.0264	N/A	N/A	253.0084	153.25	0.08	229.0119	140.85	0.19			
Primary Metabolite	Sugar	X0754	Sigma-Aldrich	C00231	439190	FNZLKVNUWIIPSJ-RFZPGFLSSA-N	D-Xylulose 5-Phosphate	4212-65-1	C5H11O8P	230.0192	231.0264	N/A	N/A	253.0084	N/A	N/A	229.0119	140.05	0.38			
Primary Metabolite	Sugar	G7772	Sigma-Aldrich	C03251	439958	VFRROHXSMXFLSN-SLPGGIOYSA-N	D-Glucose 6 Phosphate	56-73-5	C6H13O9P	260.0297	261.037	N/A	N/A	283.0189	161.5	0.26	259.0224	149.53	0.27			
Primary Metabolite	Sugar	G7000	Sigma-Aldrich	C00103	65533	HXXFSFRBOHSIMQ-GASJEMHNSA-N	α-D-Glucose 1-Phosphate	59-56-3	C6H13O9P	260.0297	261.037	N/A	N/A	283.0189	161.83	0.09	259.0224	150.91	0.07			
Primary Metabolite	Sugar	SMB00282	Sigma-Aldrich	C01630	439538	LGQKSQQRKHFMLI-WSNPFVOISA-N	1,4-D Xylobiose	6860-47-5	C10H18O9	282.0951	283.1024	N/A	N/A	305.0843	168.1	0.52	281.0878	N/A	N/A			
Primary Metabolite	Sugar	SMB00282	Sigma-Aldrich	C01630	439538	LGQKSQQRKHFMLI-WSNPFVOISA-N	Xylobiose	6860-47-5	C10H18O9	282.0951	283.1024	N/A	N/A	305.0843	163.84	0.06	281.0878	164.61	0.76			
Primary Metabolite	Sugar	F6803	Sigma-Aldrich	C05378	10267	RNBGYGVWRKECFJ-ARQDHWQXSA-N	Fructose 1,6 Bisphosphate	38099-82-0	C6H11Na3O12P2	340.0254	341.0333	N/A	N/A	363.0151	N/A	N/A	339.0174	157.51	0.57			
Primary Metabolite	Sugar	P7877	Sigma-Aldrich	C00345	91493	BIRSGZKFKXLSJQ-SQOUGZDYSA-N	6-Phosphogluconic Acid	921-62-0	C6H13O10P	341.9698	277.0325	N/A	N/A	299.0144	167.16	0.07	275.0168	145.88	0.25			
Primary Metabolite	Sugar	C7252	Sigma-Aldrich	C00185	10712	GUBGYTABKSRVRQ-QRZGKKJRSA-N	Cellobiose	528-50-7	C12H22O11	342.1162	343.1235	N/A	N/A	365.1054	178.66	0.17	341.1089	167.86	0.38			
Primary Metabolite	Sugar	G3000	Sigma-Aldrich	C08240	441422	DLRVVLDZNNYCBX-LIZSDCNHSA-N	B-Gentiobiose	554-91-6	C12H22O11	342.1162	343.1235	N/A	N/A	365.1054	181.03	0.13	341.1089	178.35	1.04			
Primary Metabolite	Sugar	I7253	Sigma-Aldrich	C00252	439193	DLRVVLDZNNYCBX-RTPHMHGBSA-N	Isomaltose	499-40-1	C12H22O11	342.1162	343.1235	N/A	N/A	365.1054	178.02	0.15	341.1089	180.77	0.15			
Primary Metabolite	Sugar	L7877	Sigma-Aldrich	C07064	11333	JCQLYHFGKNRPGE-FCVZTGTOSA-N	Lactulose	4618-18-2	C12H22O11	342.1162	343.1235	N/A	N/A	365.1054	180.3	0.14	341.1089	N/A	N/A			
Primary Metabolite	Sugar	M1050	Sigma-Aldrich		11099946	HIWPGCMGAMJNRG-VXSGSMIHSA-N	2α-Mannobiose	15548-39-7	C12H22O11	342.1162	343.1235	N/A	N/A	365.1054	174.83	0.96	341.1089	N/A	N/A			
Primary Metabolite	Sugar	M5885	Sigma-Aldrich	C00208	6255	GUBGYTABKSRVRQ-QUYVBRFLSA-N	D-Maltose	69-79-4	C12H22O11	342.1162	343.1235	N/A	N/A	365.1054	179.19	0.15	341.1089	205.9	0.46			
Primary Metabolite	Sugar	50796	Sigma-Aldrich	C19633	3872	DXALOGXSFLZLLN-UHFFFAOYNA-N	Maltulose	17606-72-3	C12H22O11	342.1162	343.1235	N/A	N/A	365.1054	181.27	0.24	341.1089	180.6	0.49			
Primary Metabolite	Sugar	M5500	Sigma-Aldrich	C05402	440658	DLRVVLDZNNYCBX-ABXHMFFYSA-N	Melibiose	585-99-9	C12H22O11	342.1162	343.1235	N/A	N/A	365.1054	181.14	0.22	341.1089	N/A	N/A			
Primary Metabolite	Sugar	P2007	Sigma-Aldrich	C01742	439559	PVXPPJIGRGXGCY-TZLCEDOOSA-N	Palatinose	13718-94-0	C12H22O11	342.1162	343.1235	N/A	N/A	365.1054	177.31	0.14	341.1089	N/A	N/A			
Primary Metabolite	Sugar	S1404	Sigma-Aldrich	C08250	92797	PZDOWFGHCNHPQD-VNNZMYODSA-N	Sophorose	20429-79-2	C12H22O11	342.1162	343.1235	N/A	N/A	365.1054	182.74	0.41	341.1089	N/A	N/A			
Primary Metabolite	Sugar	S7903	Sigma-Aldrich	C00089	5988	CZMRCDWAGMRECN-UGDNZRGBSA-N	Sucrose	57-50-1	C12H22O11	342.1162	343.1235	N/A	N/A	365.1054	173.93	0	341.1089	168.47	0.15			
Primary Metabolite	Sugar	T9531	Sigma-Aldrich	C01083	7427	HDTRYLNUVZCQOY-LIZSDCNHSA-N	D-(+)-Trehalose	13718-94-0	C12H22O11	342.1162	343.1235	N/A	N/A	365.1054	177.82	0.07	341.1089	179.02	0.32			
Primary Metabolite	Sugar	T2754	Sigma-Aldrich	C19636	5460935	RULSWEULPANCDV-PIXUTMIVSA-N	D-(+)-Turanose	547-25-1	C12H22O11	342.1162	343.1235	N/A	N/A	365.1054	177.42	0.28	341.1089	N/A	N/A			
Primary Metabolite	Sugar	T4272	Sigma-Aldrich	C00689	122336	LABSPYBHMPDTEL-LIZSDCNHSA-N	Trehalose 6-Phosphate	4484-88-2	C12H23O14P	422.0825	423.0898	N/A	N/A	445.0718	192.43	0.09	421.0753	181.54	0.08			
Primary Metabolite	Sugar	C1167	Sigma-Aldrich	C06219	5287993	FYGDTMLNYKFZSV-ZWSAEMDYSA-N	Cellotriose	33404-34-1	C18H32O16	504.169	505.1763	N/A	N/A	527.1582	215.69	0.21	503.1618	208.38	0.67			
Primary Metabolite	Sugar	I0381	Sigma-Aldrich	C02160	439668	FBJQEBRMDXPWNX-FYHZSNTMSA-N	Isomaltotriose	3371-50-4	C18H32O16	504.169	505.1763	N/A	N/A	527.1582	210.83	0.1	503.1618	202.92	0.45			
Primary Metabolite	Sugar	72555	Sigma-Aldrich	C03661	440080	VAWYEUIPHLMNNF-OESPXIITSA-N	1-Kestose	470-69-9	C18H32O16	504.169	505.1763	N/A	N/A	527.1582	205.43	0.25	503.1618	202.78	0.1			
Primary Metabolite	Sugar	M8378	Sigma-Aldrich	C01835	439586	FYGDTMLNYKFZSV-PXXRMHSHSA-N	Maltotriose	1109-28-0	C18H32O16	504.169	505.1763	N/A	N/A	527.1582	212.54	0.17	503.1618	213.01	1.01			
Primary Metabolite	Sugar	M5375	Sigma-Aldrich	C08243	92817	QWIZNVHXZXRPDR-WSCXOGSTSA-N	Melezitose	597-12-6	C18H32O16	504.169	505.1763	N/A	N/A	527.1582	N/A	N/A	503.1618	203.52	0.84			
Primary Metabolite	Sugar	R0514	Sigma-Aldrich	C00492	439242	MUPFEKGTMRGPLJ-ZQSKZDJDSA-N	Raffinose	512-69-6	C18H32O16	504.169	505.1763	N/A	N/A	527.1582	208.72	0.1	503.1618	197.59	0.23			
Primary Metabolite	Sugar	C8286	Sigma-Aldrich	C02013	439626	LUEWUZLMQUOBSB-YQGOCCRESA-N	Cellotetraose	38819-01-1	C24H42O21	666.2218	667.2291	N/A	N/A	689.2111	225	0.1	665.2146	194.74	0.53			
Primary Metabolite	Sugar	283959	Sigma-Aldrich	C02052	446495	LUEWUZLMQUOBSB-ZLBHSGTGSA-N	Maltotetraose	34612-38-9	C24H42O21	666.2218	667.2291	N/A	N/A	689.2111	230.47	0.21	665.2146	221.08	0.26			
Primary Metabolite	Sugar	OM28986	Carbosynth		3082008	RNDXVZITNYDUMC-YLYXQHNGSA-N	Mannotetraose	3634-02-4	C24H42O21	666.2218	667.2291	N/A	N/A	689.2111	234.12	0.25	665.2146	223.26	0.25			
Primary Metabolite	Sugar	L6543	Sigma-Aldrich	G00536	5174584		Lacto-N-Neotetraose (LNnT)	13007-32-4	C26H45NO21	707.2484	708.2557	N/A	N/A	730.2376	240.59	0.35	706.2411	254.73	0.12			
Primary Metabolite	Sugar	L6770	Sigma-Aldrich	G00395	4437003	AXQLFFDZXPOFPO-FSGZUBPKSA-N	Lacto-N-Tetraose (LNT)	14116-68-8	C26H45NO21	707.2484	708.2557	N/A	N/A	730.2376	239.18	0.44	706.2411	240.89	0.26			
Primary Metabolite	Sugar	C8792	Sigma-Aldrich	C06218	440949	FTNIPWXXIGNQQF-XHCCAYEESA-N	Cellopentaose	2240-27-9	C30H52O26	828.2747	829.2819	N/A	N/A	851.2639	251.04	0.53	827.2674	247.29	0.15			
Primary Metabolite	Sugar	M8128	Sigma-Aldrich	G00343	13489094	FTNIPWXXIGNQQF-DWTFCAFKSA-N	Maltopentaose	34620-76-3	C30H52O26	828.2747	829.2819	N/A	N/A	851.2639	257.04	0.15	827.2674	254.9	0.32			
Primary Metabolite	Sugar	M0925	Sigma-Aldrich		92023420	KFBAVYQIXMCUTI-UHFFFAOYSA-N	3-alpha,6-alpha-Mannopentaose	112828-69-0	C30H52O26	828.2747	829.2819	N/A	N/A	851.2639	260.33	0.49	827.2674	252.15	0.46			
Primary Metabolite	Sugar						1,4-beta-D-Mannopentaose	70281-35-5	C30H52O26	828.2747	829.2819	N/A	N/A	851.2639	250.1	0.21	827.2674	248.63	0.1			
Primary Metabolite	Sugar	L5908	Sigma-Aldrich		16219579	FZIVHOUANIQOMU-YIHIYSSUSA-N	Lacto-N-Fucopentaose 1 (LNFP 1)	7578-25-8	C32H55NO25	853.3063	854.3136	N/A	N/A	876.2955	274.9	0.25	852.299	275.87	0.26			
Primary Metabolite	Sugar	L6401	Sigma-Aldrich	G00623	168012	DUKURNFHYQXCJG-JEOLMMCMSA-N	Lacto-N-Fucopentaose 2 (LNFP 2)	21973-23-9	C32H55NO25	853.3063	854.3136	N/A	N/A	876.2955	269.04	0.61	852.299	274.27	0.2			
Primary Metabolite	Sugar	L7777	Sigma-Aldrich	G01053	3586141	CMQZRJBJDCVIEY-JEOLMMCMSA-N	Lacto-N-Fucopentaose 3 (LNFP 3)	25541-09-7	C32H55NO25	853.3063	854.3136	N/A	N/A	876.2955	267.8	0.81	852.299	271.25	0.72			
Primary Metabolite	Sugar	M9153	Sigma-Aldrich	C01936	439606	OCIBBXPLUVYKCH-LIGGPISVSA-N	Maltohexaose	34620-77-4	C36H62O32	1013.3	1014.3073	N/A	N/A	1036.2892	279.7	0.26	1012.2927	N/A	N/A			
Primary Metabolite	Fatty Acid	76169	Sigma-Aldrich	C08362	445638	ZVRMGCSSSYZGSM-CCEZHUSRSA-N	Palmitoleic acid	373-49-9	C16H30O2	254.22396	255.2319	N/A	N/A	277.2138	172.62	0.06	253.2173	167.86	0.07			
Primary Metabolite	Fatty Acid	A3631	Sigma-Aldrich	C06425	10467	VKOBVWXKNCXXDE-UHFFFAOYSA-N	Icosadienoic acid	2091-39-6	‎C20H36O2	308.27086	309.2788	N/A	N/A	331.2608	184.05	0.03	307.2643	182.38	0.1			
Primary Metabolite	Fatty Acid	O1008	Sigma-Aldrich	C00712	445639	ZQPPMHVWECSIRJ-KTKRTIGZSA-N	Oleic acid	112-80-1	C18H34O2	282.25526	283.2632	N/A	N/A	305.2451	181.37	0.1	281.2486	176.07	0.03			
Primary Metabolite	Fatty Acid	A3611	Sigma-Aldrich	C00219	444899	YZXBAPSDXZZRGB-DOFZRALJSA-N	Arachidonic acid	506-32-1	C20H32O2	304.23956	305.2475	N/A	N/A	327.2295	180.97	0.11	303.233	182.21	0.03			
Primary Metabolite	Fatty Acid	61609	Sigma-Aldrich	C02679	3893	POULHZVOKOAJMA-UHFFFAOYSA-N	Lauric Acid	143-07-7	C12H24O2	200.17706	201.185	N/A	N/A	223.1669	N/A	N/A	199.1704	154.96	0.1			
Primary Metabolite	Fatty Acid	91446	Sigma-Aldrich	C16537	13849	WQEPLUUGTLDZJY-UHFFFAOYSA-N	Pentadecylic acid	1002-84-2	C15H30O2	242.22396	243.2319	N/A	N/A	265.2138	N/A	N/A	241.2173	165.59	0.11			
Primary Metabolite	Fatty Acid	H3500	Sigma-Aldrich		10465	KEMQGTRYUADPNZ-UHFFFAOYSA-N	Heptadecanoic acid	506-12-7	C17H34O2	270.25526	271.2632	N/A	N/A	293.2451	N/A	N/A	269.2486	173.49	0.07			
Primary Metabolite	Fatty Acid	L1376	Sigma-Aldrich	C01595	5280450	OYHQOLUKZRVURQ-HZJYTTRNSA-N	Linoleic acid	60-33-3	C18H32O2	280.23966	281.2476	N/A	N/A	303.2295	176.38	0.13	279.233	175.37	0.09			
Primary Metabolite	Fatty Acid	44878	Sigma-Aldrich	C16526	5282768	BITHHVVYSMSWAG-KTKRTIGZSA-N	Eicosenoic acid	5561-99-9	C20H38O2	310.28656	311.2945	N/A	N/A	333.2764	188.57	0.06	309.2799	183.95	0.11			
Primary Metabolite	Fatty Acid	76169	Sigma-Aldrich	C00249	985	IPCSVZSSVZVIGE-UHFFFAOYSA-N	Palmitic Acid	57-10-3	C16H32O2	256.23966	257.2476	N/A	N/A	279.2295	185.22	0.13	255.233	169.17	0.03			
Primary Metabolite	Fatty Acid	85679	Sigma-Aldrich	C01530	5281	QIQXTHQIDYTFRH-UHFFFAOYSA-N	Stearic Acid	57-11-4	C18H36O2	284.27096	285.2789	N/A	N/A	307.2608	191.83	0.08	283.2643	177.95	0.15			
Primary Metabolite	Fatty Acid	L2376	Sigma-Aldrich	C06427	5280934	DTOSIQBPPRVQHS-PDBXOOCHSA-N	Linlenic Acid	463-40-1	C18H30O2	278.22396	279.2319	N/A	N/A	301.2138	172.02	0	277.2173	174.53	0.06			
Primary Metabolite	Fatty Acid	A3631	Sigma-Aldrich	C06425	10467	VKOBVWXKNCXXDE-UHFFFAOYSA-N	Arachidic Acid	506-30-9	C20H40O2	312.30226	313.3102	N/A	N/A	335.2921	199.97	0	311.2956	186.36	0.12			
Primary Metabolite	Fatty Acid	E4504	Sigma-Aldrich	C03242	5280581	HOBAELRKJCKHQD-QNEBEIHSSA-N	Bishomo-gamma-linolenic acid	1783-84-2	C20H34O2	306.25526	307.2632	N/A	N/A	329.2451	183.38	0.2	305.2486	182.64	0.11			
Primary Metabolite	Fatty Acid	L6641	Sigma-Aldrich	C08320	11197	QZZGJDVWLFXDLK-UHFFFAOYSA-N	Lignoceric acid	557-59-5	C24H48O2	368.36486	369.3728	N/A	N/A	391.3547	216.86	0	367.3582	200.57	0.05			
Primary Metabolite	Fatty Acid	90300	Cayman Chemical	C16527	5497181	TWSWSIQAPQLDBP-DOFZRALJSA-N	Adrenic acid	28874-58-0	C22H36O2	332.2709	334.2696	189.41	0.11	355.2606	192.83	0.6	331.2629	190.92	0.88			
Primary Metabolite	Fatty Acid	90310	Cayman Chemical	C06429	445580	MBMBGCFOFBJSGT-KUBAVDMBSA-N	Docosahexaenoic acid	6217-54-5	C22H32O2	328.2396	329.2448	184.62	0.17	351.2293	185.06	0.22	327.2316	191.12	0.32			
Primary Metabolite	Fatty Acid	C-106	Sigma-Aldrich	C00735	5754	JYGXADMDTFJGBT-VWUMJDOOSA-N	Cortisol	50-23-7	C21H30O5	362.2087	363.2171376	188.88	0.08	385.199083	213.91	0.07	361.2014884	264.15	0.15			
Primary Metabolite	Steroid	12271	Sigma-Aldrich	C00204	44229111	WPAMZTWLKIDIOP-WVZVXSGGSA-M	2-Keto-3-deoxy-D-gluconic acid	17510-99-5	C6H10O6	179.0556	180.0629	N/A	N/A	202.0448	N/A	N/A	178.0483	134.32	0.15			
Primary Metabolite	Steroid	P0130	Sigma-Aldrich	C00410	5994	RJKFOVLPORLFTN-LEKSSAKUSA-N	Progesterone	57-83-0	C21H30O2	314.2239	315.2312	186.73	0.35	337.2131	N/A	N/A	313.2166	N/A	N/A			
Primary Metabolite	Steroid	H5752	Sigma-Aldrich	C01176	6238	DBPWSSGDRRHUNT-CEGNMAFCSA-N	17α-Hydroxyprogesterone	68-96-2	C21H30O3	330.2194	331.2266	187.57	0.47	353.2086	210.26	0.68	329.2121	187.64	0.69			
Primary Metabolite	Steroid	H5002	Sigma-Aldrich	C05138	440573	JERGUCIJOXJXHF-TVWVXWENSA-N	17α-Hydroxypregnenolone	387-79-1	C21H32O3	332.235	333.243	190.45	0.73	355.2242	210.49	0.89	331.2277	N/A	N/A			
Primary Metabolite	Steroid	K1375	Sigma-Aldrich	C14552	101850	IUNYGQONJQTULL-UKZLPJRTSA-N	11 Ketoetiocholanolone	739-27-5	C19H28O3	304.2038	305.2111	N/A	N/A	327.1931	N/A	N/A	303.1966	N/A	N/A			
Primary Metabolite	Steroid			C05485	247020	MOIQRAOBRXUWGN-WPWXJNKXSA-N	2,1-Hydroxypregnenolone	387-79-1	C21H32O3	332.2351	333.2424	190.52	0.69	355.2244	210.63	0.93	331.2279	N/A	N/A			
Primary Metabolite	Steroid	A9477	Sigma-Aldrich	C01780	5839	PQSUYGKTWSAVDQ-SRPWZAMTSA-N	Aldosterone	52-39-1	C21H28O5	360.1937	361.2009	196.05	0.14	383.1829	204.09	0.05	359.1864	188.31	0.14			
Primary Metabolite	Steroid	A-075	Sigma-Aldrich	C00280	6128	AEMFNILZOJDQLW-QAGGRKNESA-N	Androstenedione	63-05-8	C19H26O2	286.1933	287.2005	183.95	0.4	309.1825	204.73	0.76	285.186	N/A	N/A			
Primary Metabolite	Steroid				246164	FFPUNPBUZDTHJI-ZFOKFBPFSA-N	B-Cortol	667-65-2	C21H36O5	368.2563	369.2635	N/A	N/A	391.2455	204.59	0.1	367.249	202.65	0.36			
Primary Metabolite	Steroid	147664	Sigma-Aldrich	C01953	8955	ORNBQBCIOKFOEO-QGVNFLHTSA-N	Pregnenolone	145-13-1	C21H32O2	316.2402	317.2475	177.25	0.56	339.2294	216.16	0.46	315.2329	N/A	N/A			
Primary Metabolite	Steroid	73532	Sigma-Aldrich	C05299	440624	WHEUWNKSCXYKBU-QPWUGHHJSA-N	2-Methoxyestrone	362-08-3	C19H24O3	300.1725	301.1798	174.47	0.09	323.1618	201.71	0.12	299.1653	184.55	0.91			
Primary Metabolite	Steroid	T1500	Sigma-Aldrich	C00535	5408	MUMGGOZAMZWBJJ-DYKIIFRCSA-N	Testosterone	58-22-0	C19H28O2	288.2089	289.2162	183.82	0.26	311.1981	206.07	0.67	287.2016	N/A	N/A			
Primary Metabolite	Lipid	855476	Avanti Polar Lipids			WNRCJJWBAXNAPE-HXUWFJFHSA-N	LPC 13:0	20559-17-5	C21H44NO7P	453.2849	454.2928	220.71	0.11	476.2746	225.41	0.16	452.2769	N/A	N/A			
Primary Metabolite	Lipid	800812	Avanti Polar Lipids		151838	OQQOAWVKVDAJOI-VWLOTQADSA-N	DG (12:0/12:0)	60562-15-4	C27H52O5	456.3808	457.3887	N/A	N/A	479.3706	N/A	N/A	455.3729	211.8	0.03			
Primary Metabolite	Lipid	858142	Avanti Polar Lipids				LPS (16:0/0:0)	143077-66-1	C22H44NPO9	497.2752	498.2832	222.79	0.14	520.265	228.69	0.09	496.2673	222.72	0.25			
Primary Metabolite	Lipid	855775	Avanti Polar Lipids		16081932		LPC 18:1	19420-56-5	C26H52NO7P	521.3475	522.3554	235.59	0.18	544.3372	237.34	0.09	520.3395	N/A	N/A			
Primary Metabolite	Lipid	850330	Avanti Polar Lipids		10100010	XCCDCYFQYUARAY-MUUNZHRXSA-N	PC (11:0/11:0)	27869-47-2	C30H60NO8P	593.405	594.4129	257.07	0.17	616.3947	260.59	0.14	592.397	N/A	N/A			
Primary Metabolite	Lipid	860502	Avanti Polar Lipids		6411284	IYCYEZLMOLRFAN-QGJHTTTBSA-N	GalCer (d18:1/12:0)	111956-48-0	C36H69NO8	643.5016	644.5096	271.15	0.57	666.4914	266.83	0.16	642.4937	262.03	0.84			
Primary Metabolite	Lipid	840033	Avanti Polar Lipids		46891788	WKJDWDLHIOUPPL-JSOSNVBQSA-N	PS (14:0/14:0)	105405-50-3	C34H66NO10P	679.4423	680.4502	N/A	N/A	702.4321	247.83	0.64	678.4344	N/A	N/A			
Primary Metabolite	Lipid	857131	Avanti Polar Lipids				BMP (14:0/14:0)	325466-03-3	C34H67O10P	666.447	667.455	270.18	0.62	706.4628	N/A	N/A	665.4391	262	0.17			
Primary Metabolite	Lipid	860585	Avanti Polar Lipids		46891763	YMQZQHIESOAPQH-JXGHDCMNSA-N	SM (d18:1/17:0)	121999-64-2	C40H81N2O6P	716.5825	717.5905	290.12	0.24	739.5723	291.89	0.85	715.5746	N/A	N/A			
Primary Metabolite	Lipid	850358	Avanti Polar Lipids			GPWHCUUIQMGELX-VHQDNGOZSA-N	PC (16:1/16:1) (del9-cis)	4724-96-3	C40H76NO8P	729.5376	730.5455	280.16	0.24	752.5274	286.9	0.2	728.5297	N/A	N/A			
Primary Metabolite	Lipid	850725	Avanti Polar Lipids		44251425	MWRBNPKJOOWZPW-NYVOMTAGSA-N	PE (18:1/18:1) (del9-cis)	4004-05-1	C41H78NO8P	743.5465	744.5543	283.65	0.21	766.5362	290.79	0.14	742.5387	277.65	0.72			
Primary Metabolite	Lipid	850726	Avanti Polar Lipids			MWRBNPKJOOWZPW-GPADLTIESA-N	PE (18:1/18:1) (del9-trans)	19805-18-6	C41H78NO8P	743.5465	744.5543	284.02	0.57	766.5362	288.54	0.13	742.5387	276.44	0.08			
Primary Metabolite	Lipid	110558	Avanti Polar Lipids			JJUUQTPTIFXQFZ-RZCIEKIASA-N	TG (14:0/16:1/14:0)	875584-25-1	C47H88O6	748.6574	749.6653	302.82	0.28	771.6472	301.46	0.5	747.6495	N/A	N/A			
Primary Metabolite	Lipid	860508	Avanti Polar Lipids				LacCer (d18:1/8:0)	939036-94-9	C38H71NO13	749.4919	750.4998	280.97	0.29	772.4816	280.67	0.18	748.4839	270.11	0.24			
Primary Metabolite	Lipid	830456	Avanti Polar Lipids		46891872	ZBVHXVKEMAIWQQ-QPPIDDCLSA-N	PG(17:0/17:0)	799268-52-3	C40H79O10P	750.5409	751.5489	N/A	N/A	773.5307	N/A	N/A	749.533	277.45	0.36			
Primary Metabolite	Lipid	850375	Avanti Polar Lipids		24778933	RRVPPYNAZJRZFR-VYOBOKEXSA-N	PC(18:1(9Z)/16:0)	59491-62-2	C42H82NO8P	759.5771	760.5851	291.79	0.31	782.5669	293.64	0.21	758.5692	N/A	N/A			
Primary Metabolite	Lipid	840477	Avanti Polar Lipids		46891830	DSNRWDQKZIEDDB-ZQXBMSQTSA-N	PG (18:1/18:1) (del9-trans)	322647-40-5	C42H79O10P	774.5404	775.5483	294.81	0.09	797.5302	285.26	0.77	773.5325	283.01	0.33			
Primary Metabolite	Lipid	840475	Avanti Polar Lipids		52927248	DSNRWDQKZIEDDB-SQYFZQSCSA-N	PG (18:1/18:1) (del9-cis)	67254-28-8	C42H79O10P	774.5404	775.5483	294.47	0.09	797.5302	289.31	0.3	773.5325	282.68	0.75			
Primary Metabolite	Lipid	850374	Avanti Polar Lipids			SNKAWJBJQDLSFF-NVKMUCNASA-N	PC (18:1/18:1) (del9-cis)	56391-91-4	C44H84NO8P	785.5928	786.6007	296.42	0.1	808.5825	298.03	0.08	784.5848	279.49	0.15			
Primary Metabolite	Lipid	850376	Avanti Polar Lipids		5364680	SNKAWJBJQDLSFF-NVKMUCNASA-N	PC (18:1/18:1) (del9-trans)	56782-46-8	C44H84NO8P	785.5928	786.6007	297.29	0.3	808.5825	300.74	0.34	784.5848	N/A	N/A			
Primary Metabolite	Lipid	850404	Avanti Polar Lipids				PG (16:0/16:0) 4Me	474967-73-2	C46H91O10P	834.6343	835.6422	311.4	0.6	857.6241	310.43	0.41	833.6263	294.68	0.33			
Primary Metabolite	Lipid Mediator	20110	Cayman Chemical	C02165	5280492	VNYSSYRCGWBHLG-AMOLWHMGSA-N	LTB4	71160-24-2	C20H32O4	336.2294	337.2367	N/A	N/A	359.2186	196.05	0.15	335.2221	187.44	0.08			
Primary Metabolite	Lipid Mediator	90410	Cayman Chemical	C06314	5280914	IXAQOQZEOGMIQS-SSQFXEBMSA-N	LXA4	89663-86-5	C20H32O5	352.225	353.2322	N/A	N/A	375.2142	197.89	0.13	351.2177	194	0.67			
Primary Metabolite	Lipid Mediator	14010	Cayman Chemical	C00584	5280360	XEYBRNLFEZDVAW-ARSRFYASSA-N	PGE2	363-24-6	C20H32O5	352.225	353.2322	N/A	N/A	375.2142	198.53	0.11	351.2177	192.06	0.03			
Primary Metabolite	Lipid Mediator	38600	Cayman Chemical	C14762	5282948	HNICUWMFWZBIFP-IRQZEAMPSA-N	13-HODE	73804-64-5	C18H32O3	296.2351	297.2424	N/A	N/A	319.2244	191.83	0.69	295.2279	183.11	0.52			
Primary Metabolite	Lipid Mediator	50511	Cayman Chemical	C14770	5353269	DXOYQVHGIODESM-KROJNAHFSA-N	11(12)-EET	81276-02-0	C20H32O3	320.2351	321.2424	N/A	N/A	343.2244	187.07	0.39	319.2279	186.8	0.94			
Primary Metabolite	Lipid Mediator	38400	Cayman Chemical	C14767	5282944	NPDSHTNEKLQQIJ-SIGMCMEVSA-N	9-HODE	98524-19-7	C18H32O3	296.2351	297.243	N/A	N/A	319.2249	189.14	0.45	295.2273	180.63	0.09			
Primary Metabolite	Lipid Mediator	34230	Cayman Chemical	C04805	5280733	KGIJOOYOSFUGPC-JGKLHWIESA-N	5S-HETE	70608-72-9	C20H32O3	320.2345	321.2417	N/A	N/A	343.2237	188.21	0.47	319.2272	187.2	0.05			
Primary Metabolite	Lipid Mediator	34570	Cayman Chemical	C14777	5283155	ZNHVWPKMFKADKW-LQWMCKPYSA-N	12S-HETE	54397-83-0	C20H32O3	320.2345	321.2417	N/A	N/A	343.2237	193.33	0.43	319.2272	184.82	0.57			
Primary Metabolite	Lipid Mediator	16350	Cayman Chemical	C13809	5282263	PXGPLTODNUVGFL-NAPLMKITSA-N	8-iso-PGF2a	27415-26-5	C20H34O5	354.2406	355.2479	N/A	N/A	377.2298	199.03	0.06	353.2333	197.25	0.09			
Primary Metabolite	Lipid Mediator	34360	Cayman Chemical	C14776	5283154	NLUNAYAEIJYXRB-VYOQERLCSA-N	8S-HETE	98462-03-4	C20H32O3	320.2351	321.2424	N/A	N/A	343.2244	187.23	0.64	319.2279	N/A	N/A			
Primary Metabolite	Lipid Mediator	19030	Cayman Chemical	C05963	5942660	XNRNNGPBEPRNAR-JQBLCGNGSA-N	TXB2	54397-85-2	C20H34O6	370.2349	371.2421	N/A	N/A	393.2241	202.08	0	369.2276	194.44	0.05			
Primary Metabolite	Lipid Mediator	16395	Cayman Chemical	C00639	5280363	LOLJEILMPWPILA-RLXHZABYSA-N	8-iso-15R-PGF2a	214748-65-9	C20H34O5	354.2406	355.2479	N/A	N/A	377.2298	198.16	0.09	353.2333	197.76	0.1			
Primary Metabolite	Lipid Mediator	10009799	Cayman Chemical		11046191	SWTYBBUBEPPYCX-YTQNUIGOSA-N	17(S)-HDHA	92693-03-3	C22H32O3	344.2351	345.2424	N/A	N/A	367.2244	191.52	0.36	343.2279	194.84	0.15			
Primary Metabolite	Lipid Mediator	19010	Cayman Chemical	C02198	5280497	ZIWNJZLXPXFNGN-WZVVFKISSA-N	Carbocyclic Thromboxane A2	74034-56-3	C22H36O3	348.2664	349.2737	N/A	N/A	371.2556	N/A	N/A	347.2592	199.03	0.15			
Primary Metabolite	Lipid	P3556	Sigma-Aldrich	C00157	3457	PUDHBQQGURLBGJ-IVFHWKNFSA-N	1,2-Diacyl-sn-glycero 3-phosphocholine	232-307-2	C42H80NO8P	757.5621	758.5694	N/A	N/A	780.5513	N/A	N/A	756.5548	N/A	N/A			
Primary Metabolite	Lipid	855675	Avanti Polar Lipids		460602	ASWBNKHCZGQVJV-HSZRJFAPSA-N	LPC 16:0	17364-16-8	C24H50NO7P	495.3325	496.3397	231.4	0.14	518.3217	235.09	0.17	494.3252	N/A	N/A			
Primary Metabolite	Lipid	A2056	Sigma-Aldrich	C00024	444493	ZSLZBFCDCINBPY-ZSJPKINUSA-N	Acetyl coenzyme A	102029-73-2	C23H38N7O17P3S	809.1258	810.133	249.8	0.1	832.115	263.07	0.1	808.1185	N/A	N/A			
Primary Metabolite	Lipid	C9538	Sigma-Aldrich	C11378	5281915	ACTIUHUUMQJHFO-UPTCCGCDSA-N	Coenzyme Q10 min 98% HPLC	303-98-0	C59H90O4	862.6839	863.6912	N/A	N/A	885.6731	N/A	N/A	861.6766	N/A	N/A			
Primary Metabolite	Lipid	A3881	Sigma-Aldrich		14259	QGBRLVONZXHAKJ-UHFFFAOYSA-N	Methyl Arachidate	1120-28-1	‎C21H42O2	326.3185	327.3257	N/A	N/A	349.3077	N/A	N/A	325.3112	N/A	N/A			
Primary Metabolite	Lipid	B3271	Sigma-Aldrich		13584	QSQLTHHMFHEFIY-UHFFFAOYSA-N	Methyl Behenate	929-77-1	C23H46O2	354.3498	355.357	N/A	N/A	377.339	N/A	N/A	353.3425	156.13	0.4			
Primary Metabolite	Lipid	L1876	Sigma-Aldrich		5284421	WTTJVINHCBCLGX-NQLNTKRDSA-N	Methyl Linoleate	112-63-0	C19H34O2	294.2559	295.2631	187.2	0.19	317.2451	N/A	N/A	293.2486	183.18	0.1			
Primary Metabolite	Lipid	P5177	Sigma-Aldrich	C16995	8181	FLIACVVOZYBSBS-UHFFFAOYSA-N	Methyl Palmitate	112-39-0	‎C17H34O2	270.2559	271.2631	N/A	N/A	293.2451	N/A	N/A	269.2486	N/A	N/A			
Primary Metabolite	Lipid	W504807	Sigma-Aldrich		8201	HPEUJPJOZXNMSJ-UHFFFAOYSA-N	Methyl Stearate	112-61-8	C19H38O2	298.2872	299.2944	N/A	N/A	321.2764	N/A	N/A	297.2799	N/A	N/A			
Primary Metabolite	Lipid	L6766	Sigma-Aldrich		210602	XUDJZDNUVZHSKZ-UHFFFAOYSA-N	Methyl Tetracosanoate	2442-49-1	‎C25H50O2	382.3811	383.3883	187.54	0.08	405.3703	N/A	N/A	381.3738	N/A	N/A			
Primary Metabolite	Lipid	S1129	Sigma-Aldrich	C00091	92133	VNOYUJKHFWYWIR-FZEDXVDRSA-L	Succinyl Coenzyme A Sodium Salt	108347-97-3	C25H40N7O19P3S	867.1312	868.1385	104.39	N/A	890.1205	N/A	N/A	866.124	N/A	N/A			
Primary Metabolite	Lipid	sc-213046	Santa Cruz Biotechnology		6441567	WRUSVQOKJIDBLP-HWKANZROSA-N	Tiglyl Glycine	35842-45-6	C7H11NO3	157.0739	158.0812	N/A	N/A	180.0631	146.68	0.07	156.0666	142.93	0.18			
Primary Metabolite	Nucleotide	D9500	Sigma-Aldrich	C00362	65059	LTFMZDNNPPEQNG-KVQBGUIXSA-N	2'-Deoxyguanosine 5'-Monophosphate	902-04-5	C10H14N5O7P	347.0624	348.0704	178.96	0.15	370.0522	172.39	0.24	346.0545	N/A	N/A			
Primary Metabolite	Nucleotide	N6506	Sigma-Aldrich	C04423	440334	DGVSIBCCYUVRNA-NNYOXOHSSA-O	Nicotinamide Hypoxanthine Dinucleotide	1851-07-6	C21H27N6O15P2	665.0997	666.1077	222.79	0.74	688.0895	232.01	0.13	664.0918	N/A	N/A			
Primary Metabolite	Nucleotide	D7750	Sigma-Aldrich	C00239	7058169	NCMVOABPESMRCP-SHYZEUOFSA-L	2′-Deoxycytidine 5′-Monophosphate	1032-65-1	C9H14N3O7P	307.0563	308.0642	165.59	0.34	330.046	166.62	0.17	306.0483	165.62	0.09			
Primary Metabolite	Nucleotide	D6375	Sigma-Aldrich	C00360	12599	KHWCHTKSEGGWEX-RRKCRQDMSA-N	2′-Deoxyadenosine 5′-Monophosphate	653-63-4	C10H14N5O6P	331.0675	332.0754	170.01	0.16	354.0573	176.68	0.12	330.0596	174.57	0.13			
Primary Metabolite	Nucleotide	N3501	Sigma-Aldrich	C00455	14180	DAYLJWODMCOQEW-TURQNECASA-N	Nicotinamide Mononucleotide	1094-61-7	C11H15N2O8P	334.056	335.0639	167.13	0.09	357.0457	N/A	N/A	333.048	N/A	N/A			
Primary Metabolite	Nucleotide	A2252	Sigma-Aldrich	C00020	6083	UDMBCSSLTHHNCD-KQYNXXCUSA-N	Adenosine 5' Monophosphate	61-19-8	C10H14N5O7P	347.0631	348.0704	173.33	0.57	370.0522	180.73	0.58	346.0558	176.11	0.24			
Primary Metabolite	Nucleotide	1905	Sigma-Aldrich	C00008	6022	XTWYTFMLZFPYCI-KQYNXXCUSA-N	Adenosine 5' Diphosphate	58-64-0	C10H15N5O10P2	427.0294	428.0367	188.61	0.21	450.0186	196.92	0.19	426.0221	186.87	0.67			
Primary Metabolite	Nucleotide	A7699	Sigma-Aldrich	C00002	5957	ZKHQWZAMYRWXGA-KQYNXXCUSA-N	Adenosine 5' Triphosphate (ATP)	56-65-5	C10H16N5O13P3	506.9957	508.003	N/A	N/A	529.985	204.59	0.44	505.9885	198.86	0.32			
Primary Metabolite	Nucleotide	A0627	Sigma-Aldrich	C00498	16500	WFPZSXYXPSUOPY-ROYWQJLOSA-N	Adenosine 5' Diphosphoglucose	2140-58-1	C16H25N5O15P2	589.0822	590.0895	218.3	0.59	612.0715	177.62	0.62	588.075	219.14	0.58			
Primary Metabolite	Nucleotide	F6625	Sigma-Aldrich	C00016	643975	VWWQXMAJTJZDQX-UYBVJOGSSA-N	Flavin Adenine Dinucleotide	146-14-5	C27H33N9O15P2	785.1571	786.1644	N/A	N/A	808.1463	N/A	N/A	784.1499	259.22	0.63			
Primary Metabolite	Nucleotide	I4625	Sigma-Aldrich	C00130	8582	GRSZFWQUAKGDAV-KQYNXXCUSA-N	Inosine 5′-Monophosphate	131-99-7	C10H13N4O8P	348.0471	349.0544	177.58	0.28	371.0363	174.57	0.27	347.0398	174.37	0.09			
Primary Metabolite	Nucleotide	C1133	Sigma-Aldrich	C05822	66535	UOOOPKANIPLQPU-XVFCMESISA-N	Cytidine 3'-monophosphate	84-52-6	C9H14N3O8P	323.0512	324.0591	170.98	0.27	346.041	174.9	0.4	322.0433	170.38	0.03			
Primary Metabolite	Nucleotide	C1131	Sigma-Aldrich	C00055	6131	IERHLVCPSMICTF-XVFCMESISA-N	Cytidine-5' Monophosphate	63-37-6	C9H14N3O8P	323.0518	324.0591	168.8	0.12	346.0411	171.62	0.21	322.0446	168.43	0.76			
Primary Metabolite	Nucleotide	G8377	Sigma-Aldrich	C00144	6804	RQFCJASXJCIDSX-UUOKFMHZSA-N	Guanosine 5' Monophosphate	85-32-5	C9H14N3O8P	363.058	364.0653	182.21	0.14	386.0472	177.95	0.06	362.0507	172.29	0.22			
Primary Metabolite	Nucleotide	T8637	Sigma-Aldrich	C01081	1131	HZSAJDVWZRBGIF-UHFFFAOYSA-O	Thiamine Monophosphate	10023-48-0	C12H18N4O4PS+	344.0708	345.0786	172.32	0.1	367.0606	N/A	N/A	343.063	N/A	N/A			
Primary Metabolite	Nucleotide	T9758	Sigma-Aldrich	C00364	9700	GYOZYWVXFNDGLU-XLPZGREQSA-N	Thymidine 5'-Monophosphate	33430-62-5	C10H15N2O8P	322.0566	323.0639	163.84	0.04	345.0458	169.74	0.09	321.048	166.26	0.39			
Primary Metabolite	Nucleotide	U1752	Sigma-Aldrich	C00105	6030	DJJCXFVJDGTHFX-XVFCMESISA-N	Uridine 5'-Monophosphate	58-97-9	C9H13N2O9P	324.0352	325.0431	169.81	0.16	347.025	175.14	0.15	323.0273	163.88	0.06			
Primary Metabolite	Nucleotide	C-1506	Sigma-Aldrich	C00063	6176	PCDQPRRSZKQHHS-XVFCMESISA-N	Cytidine 5' Triphosphate	65-47-4	C9H16N3O14P3	482.9845	483.9918	N/A	N/A	505.9737	204.9	0.32	481.9772	192.16	0.29			
Primary Metabolite	Nucleotide	N6754	Sigma-Aldrich				α-Nicotinamide Adenine Dinucleotide Sacchatomyces Cerevisiae	7298-93-3	C21H27N7O14P2	663.1091	664.1164	241.93	0.27	686.0983	234.65	0.77	662.1018	227.15	0.2			
Primary Metabolite	Nucleotide	N4505	Sigma-Aldrich	C00004	439153	BOPGDPNILDQYTO-NNYOXOHSSA-N	β-Nicotinamide Adenine Dinucleotide	53-84-9	C21H27N7O14P2	663.1091	664.1164	229.46	0.03	686.0983	226.24	0.07	662.1018	228.12	0.12			
Primary Metabolite	Nucleotide	F2253	Sigma-Aldrich	C00061	643976	FVTCRASFADXXNN-SCRDCRAPSA-N	Riboflavin 5'-Monophosphate	146-17-8	C17H21N4O9P	456.1046	457.1119	201.48	0.28	479.0938	210.66	0.18	455.0973	200.77	0.26			
Primary Metabolite	Nucleotide	T0251	Sigma-Aldrich	C00459	64968	NHVNXKFIZYSCEB-XLPZGREQSA-N	Thymidine 5' Triphosphate	365-08-2	C10H17N2O14P3	481.9893	482.9971	N/A	N/A	504.979	207.41	0.1	480.9814	N/A	N/A			
Primary Metabolite	Nucleoside	G6752	Sigma-Aldrich	C00387	6802	NYHBQMYGNKIUIF-UUOKFMHZSA-N	Guanosine	118-00-3	C10H13N5O5	283.091	284.0989	165.02	0.25	306.0808	177.25	0.25	282.0831	164.38	0.44			
Primary Metabolite	Nucleoside	G11950	Sigma-Aldrich	C00242	764	UYTPUPDQBNUYGX-UHFFFAOYSA-N	Guanine	73-40-5	C5H5N5O	151.0487	152.0567	133.55	0.23	174.0385	N/A	N/A	150.0408	N/A	N/A			
Primary Metabolite	Nucleoside	A9251	Sigma-Aldrich	C00212	60961	OIRDTQYFTABQOQ-KQYNXXCUSA-N	Adenosine	58-61-7	C10H13N5O4	267.0961	268.104	N/A	N/A	290.0859	168.17	0.35	266.0882	N/A	N/A			
Primary Metabolite	Nucleoside	U0750	Sigma-Aldrich	C00106	1174	ISAKRJDGNUQOIC-UHFFFAOYSA-N	Uracil	66-22-8	C4H4N2O2	112.0266	113.0346	126.98	0.32	135.0164	N/A	N/A	111.0187	N/A	N/A			
Primary Metabolite	Nucleoside			C00170	439176	WUUGFSXJNOTRMR-IOSLPCCCSA-N	5'-Methylthioadenosine	2457-80-9	C11H15N5O3S	297.0889	298.0968	173.03	0	320.0787	176.54	0.11	296.081	170.34	0.12			
Primary Metabolite	Nucleoside	852589	Sigma-Aldrich	C03088	78168	JDBGXEHEIRGOBU-UHFFFAOYSA-N	5-Hydroxymethyluracil	4433-40-3	C5H6N2O3	142.0372	143.0451	N/A	N/A	165.0269	142.06	0.37	141.0292	124.5	0.09			
Primary Metabolite	Nucleoside	D5412	Sigma-Aldrich	C00526	13712	MXHRCPNRJAMMIM-SHYZEUOFSA-N	Deoxyuridine	951-78-0	C9H12N2O5	228.074	229.0819	N/A	N/A	251.0637	159.45	0.22	227.066	151.64	0.1			
Primary Metabolite	Nucleoside	D3897	Sigma-Aldrich	C00881	13711	CKTSBUTUHBMZGZ-SHYZEUOFSA-N	Deoxycytidine	951-77-9	C9H13N3O4	227.09	228.0979	N/A	N/A	250.0797	158.41	0.04	226.082	N/A	N/A			
Primary Metabolite	Nucleoside	T1895	Sigma-Aldrich	C00214	5789	IQFYYKKMVGJFEH-XLPZGREQSA-N	Thymidine	50-89-5	C10H14N2O5	242.0896	243.0975	N/A	N/A	265.0794	164.51	0.44	241.0817	157.04	0.17			
Primary Metabolite	Nucleoside	sc-500889	Santa Cruz Biotechnology		96373	UTAIYTHAJQNQDW-KQYNXXCUSA-N	1-Methylguanosine	2140-65-0	C11H15N5O5	297.1073	298.1146	168.8	0.18	320.0965	180.8	0.17	296.1	166.93	0.09			
Primary Metabolite	Nucleoside	sc-221057	Santa Cruz Biotechnology	C05198	439182	XGYIMTFOTBMPFP-KQYNXXCUSA-N	5'-Deoxyadenosine	4754-39-6	C10H13N5O3	251.1018	252.1091	162.1	0.4	274.0911	171.99	0.64	250.0946	160.19	0.32			
Primary Metabolite	Nucleoside	M4254	Sigma-Aldrich		92918	ZAYHVCMSTBRABG-JXOAFFINSA-N	5-Methylcytidine	2140-61-6	C10H15N3O5	257.1012	258.1084	157.51	0.26	280.0904	168.97	0.6	256.0939	160.46	0.27			
Primary Metabolite	Nucleoside	H5653	Sigma-Aldrich		73318	HCAJQHYUCKICQH-MROZADKFSA-N	8-hydroxy-2'-deoxyguanosine	88847-89-6	C10H13N5O5	283.0917	284.0989	N/A	N/A	306.0809	N/A	N/A	282.0844	N/A	N/A			
Primary Metabolite	Nucleoside	T0376	Sigma-Aldrich	C00178	1135	RWQNBRDOKXIBIV-UHFFFAOYSA-N	Thymine	65-71-4	C5H6N2O2	126.0423	127.0502	126.14	0.33	149.032	N/A	N/A	125.0343	122.42	0.17			
Primary Metabolite	Nucleoside	I4125	Sigma-Aldrich	C00294	6021	UGQMRVRMYYASKQ-KQYNXXCUSA-N	Inosine	58-63-9	C10H12N4O5	268.0808	269.088	159.25	0.23	291.07	175.37	0.47	267.0735	161.7	0.09			
Primary Metabolite	Nucleoside	U3750	Sigma-Aldrich	C00299	6029	DRTQHJPVMGBUCF-XVFCMESISA-N	Uridine	58-96-8	C9H12N2O6	244.0689	245.0768	N/A	N/A	267.0586	165.15	0.13	243.0609	153.86	0.1			
Primary Metabolite	Nucleoside	CDS020790	Sigma-Aldrich	C01762	64959	UBORTCNDUKBEOP-UUOKFMHZSA-N	Xanthosine	146-80-5	C10H12N4O6	284.0757	285.083	166.49	0.1	307.0649	177.45	0.29	283.0684	161.36	0.11			
Primary Metabolite	Vitamin	T3251	Sigma-Aldrich	C02477	14985	GVJHHUAWPYXKBD-IEOSBIPESA-N	α-Tocopherol	59-02-9	C29H50O2	430.3805	431.3882846	215.55	0.16	453.37	N/A	N/A	429.37	210.73	0.13			
Primary Metabolite	Vitamin	T1782	Sigma-Aldrich	C02483	14986	WGVKWNUPNGFDFJ-DQCZWYHMSA-N	γ- + β-Tocopherol	54-28-4	C28H48O2	416.3648	417.3725846	212.23	0	439.35	N/A	N/A	415.36	209.75	0.1			
Primary Metabolite	Vitamin	sc-489379	Santa Cruz Biotechnology	C00440	444412	ZNOVTXRBGFNYRX-ZGTCLIOFSA-N	5-Methyltetrahydrofolate	68792-52-9	C20H25N7O6	459.186	460.1937846	196.99	0.08	482.18	200.04	0.13	458.18	199.57	0			
Primary Metabolite	Vitamin	C8731	Sigma-Aldrich	C12276	11306073	FAPWYRCQGJNNSJ-UBKPKTQASA-L	Calcium Pantothenate	137-08-6	C18H32CaN2O10	476.1683	477.1756	204.26	0.11	499.1575	N/A	N/A	475.161	N/A	N/A			
Primary Metabolite	Vitamin	47868	Sigma-Aldrich	C00120	171548	YBJHBAHKTGYVGT-ZKWXMUAHSA-N	D-Biotin	58-85-5	C10H16N2O3S	244.0882	245.0954	154.16	0.14	267.0774	164.45	0.55	243.0809	159.72	0.4			
Primary Metabolite	Vitamin	N4126	Sigma-Aldrich	C00253	938	PVNIIMVLHYAWGP-UHFFFAOYSA-N	Nicotinic acid	59-67-6	C6H5NO2	123.0314	124.0393	128.35	0.09	146.0211	N/A	N/A	122.0234	124.5	0.47			
Primary Metabolite	Vitamin	72340	Sigma-Aldrich	C00153	936	DFPAKSUCGFBDDF-UHFFFAOYSA-N	Nicotinamide	98-92-0	C6H6N2O	122.0473	123.0553	129.32	0.24	145.0371	137.3	0.36	121.0394	N/A	N/A			
Primary Metabolite	Vitamin	P9255	Sigma-Aldrich	C00018	1051	NGVDGCNFYWLIFO-UHFFFAOYSA-N	Pyridoxal 5'-Phosphate	54-47-7	C8H10NO6P	247.0246	248.0318	154.76	0.48	270.0138	165.05	0.57	246.0173	150.54	0.1			
Primary Metabolite	Vitamin	P9130	Sigma-Aldrich	C00250	1050	RADKZDMFGJYCBB-UHFFFAOYSA-N	Pyridoxal	65-22-5	C8H9NO3	167.0582	168.0655	135.42	0.59	190.0475	N/A	N/A	166.051	132.51	0.72			
Primary Metabolite	Vitamin	P9380	Sigma-Aldrich	C00534	1052	NHZMQXZHNVQTQA-UHFFFAOYSA-N	Pyridoxamine	85-87-0	C8H12N2O2	168.0899	169.0971	135.79	0.17	191.0791	148.49	0.2	167.0826	140.12	0.29			
Primary Metabolite	Vitamin	P5669	Sigma-Aldrich	C00314	1054	LXNHXLLTXMVWPM-UHFFFAOYSA-N	Pyridoxine	65-23-6	C8H11NO3	169.0732	170.0812	135.69	0.04	192.063	148.49	0.2	168.0653	136.03	0.44			
Primary Metabolite	Vitamin	PHR1054	Sigma-Aldrich	C00255	493570	AUNGANRZJHBGPY-SCRDCRAPSA-N	Riboflavin	83-88-5	C17H20N4O6	376.1383	377.1456	192.43	0.14	399.1275	199.4	0.16	375.131	189.35	0.08			
Primary Metabolite	Vitamin	V2876	Sigma-Aldrich	C02823	24892734	RMRCNWBMXRMIRW-WYVZQNDMSA-L	Vitamin B12	68-19-9	C63H88CoN14O14P	1354.5674	1355.5746	N/A	N/A	1377.5566	198.03	0.51	1353.5601	338.98	0.49			
Primary Metabolite	Vitamin	V9378	Sigma-Aldrich	D00100	5282367	DKHGMERMDICWDU-GHDNBGIDSA-N	Vitamin K2	863-61-6	C31H40O2	444.3028	445.3101	198.66	0.22	467.292	N/A	N/A	443.2955	N/A	N/A			
Primary Metabolite	Bile Acid	10011286	Cayman Chemical		21252312	WHMOBEGYTDWMIG-BSWAIDMHSA-N	Chenodeoxycholic Acid (S)	474-25-9	C24H40O7S	472.2493	473.2573	N/A	N/A	495.2391	N/A	N/A	471.2416	206.57	0.12			
Primary Metabolite	Bile Acid	9002532	Cayman Chemical		459070	RRVLNNMINXAIKC-OELDTZBJSA-N	Cholic Acid (S)	81-25-4	C24H40O8S	488.2443	489.2522	N/A	N/A	511.234	N/A	N/A	487.2366	211.06	0.03			
Primary Metabolite	Bile Acid			C04483	222528	KXGVEGMKQFWNSR-LLQZFEROSA-N	Deoxycholic Acid (S)	83-44-3	C24H40O7S	472.2493	473.2573	N/A	N/A	495.2391	N/A	N/A	471.2416	209.86	0.06			
Primary Metabolite	Bile Acid			C05466	12544	GHCZAUBVMUEKKP-GYPHWSFCSA-N	Glycochenodeoxycholic Acid (S)	16564-43-5	C26H43NO8S	529.2709	450.3219	N/A	N/A	472.3038	N/A	N/A	528.2631	218.8	0.13			
Primary Metabolite	Bile Acid			C01921	10140	RFDAIACWWDREDC-FRVQLJSFSA-N	Glycocholic Acid Hydrate (S)	1192657-83-2	C26H43NO9S	465.3084	466.3163	N/A	N/A	488.2981	N/A	N/A	544.258	219.31	0.03			
Primary Metabolite	Bile Acid	20274	Cayman Chemical	C05464	3035026	WVULKSPCQVQLCU-BUXLTGKBSA-N	Glycodeoxycholic Acid (S)	16409-34-0	C26H43NO8S	471.2954	472.3033	N/A	N/A	494.2852	N/A	N/A	528.2631	218.94	0.07			
Primary Metabolite	Bile Acid	21723	Cayman Chemical	C15557	115245	XBSQTYHEGZTYJE-OETIFKLTSA-N	Glycolithocholic Acid (S)	24404-83-9	C26H43NO7S	513.2759	514.2838	N/A	N/A	536.2657	N/A	N/A	512.2682	218.9	0.1			
Primary Metabolite	Bile Acid	20275	Cayman Chemical	C05465	387316	BHTRKEVKTKCXOH-BJLOMENOSA-N	Taurochenodeoxycholic Acid (S)	6009-98-9	C26H45NO9S2	521.278	522.286	N/A	N/A	544.2678	N/A	N/A	578.2457	221.75	0.37			
Primary Metabolite	Bile Acid	9002538	Cayman Chemical	C05122	6675	LHLYEKPSOJJBMK-IZYKLYLVSA-N	Taurocholic Acid (S)	345909-26-4	C26H45NO10S2	537.2729	538.2809	N/A	N/A	560.2627	N/A	N/A	594.2407	221.99	0.23			
Primary Metabolite	Bile Acid			C05463	92042745	YXHRQQJFKOHLAP-FVCKGWAHSA-M	Taurodeoxycholic Acid (S)	207737-97-1	C26H45NO9S2	521.278	522.286	N/A	N/A	544.2678	N/A	N/A	578.2457	221.79	0.24			
Primary Metabolite	Bile Acid			C07880	31401	RUDATBOHQWOJDD-UZVSRGJWSA-N	Ursodeoxycholic Acid (S)	128-13-2	C24H40O7S	392.292	393.2999	N/A	N/A	415.2818	N/A	N/A	471.2416	208.98	0.43			
Primary Metabolite	Bile Acid				451489	AXDXVEYHEODSPN-HVATVPOCSA-N	Sulfolithocholic Acid	34669-57-3	C24H40O6S	456.6373	457.6453	N/A	N/A	479.6271	N/A	N/A	455.2467	212.2	0.03			
Primary Metabolite	Bile Acid			C17644	122340	BHQCQFFYRZLCQQ-UTLSPDKDSA-N	Ursocholic Acid	2955-27-3	C24H40O5	408.2876	407.2798	N/A	N/A	431.2774	N/A	N/A	407.2797	205.1	0.31			
Primary Metabolite	Bile Acid	20291	Cayman Chemical	C17647	5283852	DKPMWHFRUGMUKF-GDYCBZMLSA-N	α-Muricholic Acid	2393-58-0	C24H40O5	408.2876	407.2798	N/A	N/A	431.2774	N/A	N/A	407.2797	207.44	0.12			
Primary Metabolite	Bile Acid	20287	Cayman Chemical	C17726	5283853	DKPMWHFRUGMUKF-CRKPLTDNSA-N	β-Muricholic Acid	2393-59-1	C24H40O5	408.2876	407.2798	N/A	N/A	431.2774	N/A	N/A	407.2797	203.02	0.24			
Primary Metabolite	Bile Acid	20250	Cayman Chemical	C00695	221493	BHQCQFFYRZLCQQ-OELDTZBJSA-N	Cholic Acid	81-25-4	C24H40O5	408.2876	407.2798	N/A	N/A	431.2774	N/A	N/A	407.2797	204.63	0.17			
Primary Metabolite	Bile Acid	20293	Cayman Chemical	C17649	92805	DKPMWHFRUGMUKF-KWXDGCAGSA-N	Hyocholic Acid	547-75-1	C24H40O5	408.2876	407.2798	N/A	N/A	431.2774	N/A	N/A	407.2797	206	0.13			
Primary Metabolite		A5707	Sigma-Aldrich	C03406	16950	KDZOASGQNOPSCU-WDSKDSINSA-N	Argininosuccinic Acid	‎2387-71-5	C10H18N4O6	290.122	291.1299	167.39	0.06	313.1112	172.22	0.4	289.114	169.07	0.29			
Primary Metabolite		A0637	Sigma-Aldrich	C00956	469	OYIFNHCXNCRBQI-UHFFFAOYSA-N	DL-2-Aminoadipic Acid	542-32-5	C6H11NO4	161.0688	162.0761	N/A	N/A	184.058	N/A	N/A	160.0615	132.11	0.62			
Primary Metabolite		1133933	Sigma-Aldrich	C00423	444539	WBYWAXJHAXSJNI-VOTSOKGWSA-N	Cinnamic acid	140-10-3	C9H8O2	148.0524	149.0597	145.31	0.08	171.0416	N/A	N/A	147.0452	N/A	N/A			
Primary Metabolite		A3412	Sigma-Aldrich	C00417	643757	GTZCVFVGUGFEME-IWQZZHSRSA-N	Cis-Aconitic acid	4271-99-2	C6H6O6	174.0164	175.0237	152.21	0.63	197.0062	146.78	0.47	173.0086	132.38	0.42			
Primary Metabolite		122750	Sigma-Aldrich	C02341	444212	GTZCVFVGUGFEME-HNQUOIGGSA-N	Trans-Aconitic acid	4023-65-8	C6H6O6	174.0164	175.0237	153.02	0.54	197.0062	149.13	0.41	173.0086	131.88	0.16			
Primary Metabolite		251275	Sigma-Aldrich	C00158	311	KRKNYBCHXYNGOX-UHFFFAOYSA-K	Citric Acid	77-92-9	C6H8O7	192.0263	193.0343	148.9	0.38	215.0156	146.11	0.75	191.0184	129.49	0.21			
Primary Metabolite		D1415	Sigma-Aldrich	C10111	5312	WYEPBHZLDUPIOD-UHFFFAOYSA-N	4,6-Dioxoheptanoic Acid	51568-18-4	C7H10O4	158.0579	159.0652	N/A	N/A	181.0471	139.45	0.33	157.0506	131.44	0.16			
Primary Metabolite		328006	Sigma-Aldrich		91637	YOEBAVRJHRCKRE-UHFFFAOYSA-N	2-Methylhippuric Acid	42013-20-7	CH3C6H4CONHCH2CO2H	193.0739	194.0812	N/A	N/A	216.0631	156.6	0.15	192.0666	153.65	0.26			
Primary Metabolite		220116	Sigma-Aldrich	C05984	11266	AFENDNXGAFYKQO-UHFFFAOYSA-N	2-Hydroxybutyric Acid	600-15-7	C4H8O3	104.0473	105.0546	N/A	N/A	127.0366	N/A	N/A	103.0401	124.67	0.24			
Primary Metabolite		166898	Sigma-Aldrich	C01089	441	WHBMMWSBFZVSSR-UHFFFAOYSA-N	DL-Beta-Hydroxybutyric Acid	150-83-4	C4H8O3	104.0473	105.0546	N/A	N/A	127.0366	N/A	N/A	103.0401	137.54	0			
Primary Metabolite		H50004	Sigma-Aldrich	C00642	127	XQXPVVBIMDBYFF-UHFFFAOYSA-N	4-Hydroxyphenylacetic acid	156-38-7	C8H8O3	152.0473	153.0546	N/A	N/A	175.0366	N/A	N/A	151.0401	135.22	0.07			
Primary Metabolite		114286	Sigma-Aldrich	C01179	979	KKADPXVIOXHVKN-UHFFFAOYSA-N	4-Hydroxyphenylpyruvic acid	156-39-8	C9H8O4	180.0423	181.0495	N/A	N/A	203.0315	N/A	N/A	179.035	145.75	0.04			
Primary Metabolite		I1252	Sigma-Aldrich	C00311	1198	ODBLHEXUDAPZAU-UHFFFAOYSA-N	Isocitrate	320-77-4	C6H8O7	192.0263	193.0343	N/A	N/A	215.0156	146.78	0.12	191.0184	130.03	0.59			
Primary Metabolite		47910	Sigma-Aldrich	C00122	444972	VZCYOOQTPOCHFL-OWOJBTEDSA-N	Fumaric Acid	110-17-8	C4H4O4	116.011	117.0182	N/A	N/A	139.0002	133.58	0.11	115.0037	N/A	N/A			
Primary Metabolite		197971	Sigma-Aldrich	C05582	1738	QRMZSPFSDQBLIX-UHFFFAOYSA-N	Homovanillic acid	60563-13-5	C9H10O4	182.0579	183.0652	N/A	N/A	205.0471	149.57	0.31	181.0506	140.75	0			
Primary Metabolite		I2886	Sigma-Aldrich	C00954	802	SEOVTRFCIGRIMH-UHFFFAOYSA-N	Indoleacetic acid	87-51-4	C10H9NO2	175.0633	176.0706	138.11	0.04	198.0525	N/A	N/A	174.056	N/A	N/A			
Primary Metabolite		CDS012058	Sigma-Aldrich		10855600	HZXKIWTUQWWSDX-UHFFFAOYSA-N	Isobutyrylamino Acetic Acid	15926-18-8	C6H11NO3	145.0739	146.0812	N/A	N/A	168.0631	N/A	N/A	144.0666	141.15	0.38			
Primary Metabolite		K1128	Sigma-Aldrich	C00026	51	KPGXRSRHYNQIFN-UHFFFAOYSA-N	a- Ketoglutaric Acid	328-50-7	C5H6O5	146.0215	147.0288	N/A	N/A	169.0107	N/A	N/A	145.0142	124.43	1.08			
Primary Metabolite		K3375	Sigma-Aldrich	C01717	3845	HCZHHEIFKROPDY-UHFFFAOYSA-N	Kynurenic acid	492-27-3	C10H7NO3	189.0426	190.0499	140.99	0.11	212.0318	154.12	0.17	188.0353	137.3	0.5			
Primary Metabolite		L1750	Sigma-Aldrich	C01432	612	JVTAAEKCZFNVCJ-REOHCLBHSA-N	L-(+)-Lactic Acid	79-33-4	C3H6O3	90.0317	91.039	N/A	N/A	113.0209	N/A	N/A	89.0693	N/A	N/A			
Primary Metabolite		112577	Sigma-Aldrich	C00711	525	BJEPYKJPYRNKOW-REOHCLBHSA-N	L-Malic Acid	97-67-6	C4H6O5	134.0215	135.0288	137.03	0.51	157.0107	N/A	N/A	133.0142	118.87	0.27			
Primary Metabolite		44714	Sigma-Aldrich	C00418	439230	KJTLQQUUPVSXIM-UHFFFAOYSA-N	Mevalonic acid	150-97-0	C6H12O4	148.0736	149.0808	N/A	N/A	171.0628	137.7	0.22	147.0663	133.98	0.28			
Primary Metabolite		94259	Sigma-Aldrich		516	SIGQQUBJQXSAMW-LURJTMIESA-N	Mevalonic Acid 5-Pyrophosphate	1492-08-6	C6H14O10P2	308.0062	309.014	N/A	N/A	330.996	N/A	N/A	306.9984	153.22	0.11			
Primary Metabolite		79849	Sigma-Aldrich	C01107	476	OKZYCXHTTZZYSK-ZCFIWIBFSA-N	Mevalonic Acid 5-Phosphate	1189-94-2	C6H13O7P	228.0399	229.0472	N/A	N/A	251.0291	152.28	0.65	227.0326	140.02	0.27			
Primary Metabolite		75950	Sigma-Aldrich	C06255	74563	KDVFRMMRZOCFLS-UHFFFAOYSA-N	2-Oxovaleric acid	1821-02-9	C5H8O3	116.0474	117.0546	N/A	N/A	139.0366	131.64	0.9	115.0401	N/A	N/A			
Primary Metabolite		O4126	Sigma-Aldrich	C00036	970	KHPXUQMNIQBQEV-UHFFFAOYSA-N	Oxaloacetic acid	328-42-7	C4H4O5	132.0052	133.0131	139.45	0.12	154.9944	N/A	N/A	130.998	N/A	N/A			
Primary Metabolite		79156	Sigma-Aldrich	C04442	3080745	OVPRPPOVAXRCED-WVZVXSGGSA-N	3-Deoxy-2-Keto-6 Phosphogluconic Acid	27244-54-8	C6H10O9P	258.014	259.0219	N/A	N/A	281.0037	N/A	N/A	257.006	144.13	0.22			
Primary Metabolite		P7877	Sigma-Aldrich	C00345	91493	BIRSGZKFKXLSJQ-SQOUGZDYSA-N	6-Phosphogluconic acid	921-62-0	C6H13O10P	276.0246	277.0319	N/A	N/A	299.0139	167.16	0.07	275.0174	145.75	0.04			
Primary Metabolite		79470	Sigma-Aldrich	C00631	439278	GXIURPTVHJPJLF-UHFFFAOYSA-N	2-Phosphoglycerate	2553-59-5	C3H7O7P	185.9923	187.0002	N/A	N/A	208.9815	N/A	N/A	184.9843	127.65	0.12			
Primary Metabolite		P8877	Sigma-Aldrich	C00597	724	OSJPPGNTCRNQQC-UHFFFAOYSA-N	3-Phosphoglycerate	3443-58-1	C3H7O7P	185.9923	187.0002	N/A	N/A	208.9815	N/A	N/A	184.9843	125.6	0.12			
Primary Metabolite		46944-U	Sigma-Aldrich	C00296	6508	AAWZDTNXLSGCEK-RKGSPJAZSA-N	Quinic acid	77-95-2	C7H12O6	192.0634	193.0707	146.35	0.29	215.0526	153.72	0.2	191.0561	138.47	0.04			
Primary Metabolite		P63204	Sigma-Aldrich	C03722	1066	GJAWHXHKYYXBSV-UHFFFAOYSA-N	Quinolinic acid	89-00-9	C7H5NO4	167.0219	168.0291	138.98	0.37	190.0111	N/A	N/A	166.0146	130.03	0.19			
Primary Metabolite		239682	Sigma-Aldrich	C00042	1110	KDYFGRWQOYBRFD-UHFFFAOYSA-N	Succinic acid	110-15-6	C4H6O4	118.0266	119.0339	122.66	0.08	141.0158	N/A	N/A	117.0193	119.84	0			
Primary Metabolite		H8759	Sigma-Aldrich		3035420	SBKADJXSGGTEPN-UHFFFAOYSA-N	4-Hydroxy-3 Methoxyphenylglycol Sulfate	71324-20-4	C9H12O7S	301.9863	302.9935	181.44	0.13	287.0201	176.04	N/A	263.0225	157.84	0.17			
Primary Metabolite		W320404	Sigma-Aldrich	C04294	1136	BKAWJIRCKVUVED-UHFFFAOYSA-N	4-Methyl-5-Thiazolethanol	137-00-8	C6H9NOS	143.0482	144.0555	145.34	0.22	166.0375	N/A	N/A	142.041	N/A	N/A			
Primary Metabolite		sc-207960	Santa Cruz Biotechnology	C13061	65280	GXPIUNZCALHVBA-UHFFFAOYSA-N	N-Acetyl Sulfamethoxazole	21312-10-7	C12H13N3O4S	295.0627	296.0699	171.45	0.03	318.0519	178.52	0.66	294.0554	172.05	0.03			
Primary Metabolite		P7127	Sigma-Aldrich	C00074	1005	DTBNBXWJWCWCIK-UHFFFAOYSA-N	Phosphoenol Pyruvic Acid	138-08-9	C3H5O6P	205.9383	206.9455	N/A	N/A	228.9275	N/A	N/A	166.9746	164.28	0.84			
Primary Metabolite		H946340	Toronto Research Chemicals		3035420	FBWPWWWZWKPJFL-UHFFFAOYSA-N	rac 4-hydroxy 3-methoxyphenylethylene glycol	534-82-7	C9H12O4	184.0736	185.0808	N/A	N/A	207.0628	159.05	0.06	183.0663	N/A	N/A			
Primary Metabolite		G7886	Sigma-Aldrich	C00093	439162	AWUCVROLDVIAJX-GSVOUGTGSA-N	sn-Glycerol 3-phosphate	17989-41-2	C3H10O6P	172.0137	173.021	179.49	0.09	195.0029	142.16	0	171.0064	130.8	0.08			
Primary Metabolite		C4706	Sigma-Aldrich		119411	PZBFGYYEXUXCOF-UHFFFAOYSA-N	Tris (2-carboxyethyl) Phosphine	5961-85-3	C9H15O6P	251.0684	252.0757	N/A	N/A	274.0577	N/A	N/A	249.0528	149.63	0.22			
Primary Metabolite		X3375	Sigma-Aldrich	C00379	6912	HEBKCHPVOIAQTA-NGQZWQHPSA-N	Xylitol	87-99-0	C5H12O5	152.0685	153.0757	N/A	N/A	175.0577	140.79	0.34	151.0612	127.92	0.45			
Primary Metabolite		8.41864	Sigma-Aldrich	C02670	92283	UYUXSRADSPPKRZ-SKNVOMKLSA-N	D-Glucuronolactone	32449-92-6	C6H8O6	176.0314	177.0394	N/A	N/A	199.0212	147.92	0.62	175.0235	N/A	N/A			
Primary Metabolite		859796	Sigma-Aldrich	C00785	736715	LOIYMIARKYCTBW-OWOJBTEDSA-N	Urocanate	104-98-3	C6H6N2O2	138.0423	139.0502	137.54	0.07	161.032	N/A	N/A	137.0343	124.06	0.56			
Primary Metabolite		K8625	Sigma-Aldrich	C01718	846	YGPSJZOEDVAXAB-UHFFFAOYSA-N	Kynurenine	343-65-7	C10H12N2O3	208.0841	209.0921	151.07	0.1	231.0739	N/A	N/A	207.0762	N/A	N/A			
Primary Metabolite				C02946	18189	UZTFMUBKZQVKLK-UHFFFAOYSA-N	4-Acetamidobutanoate	3025-96-5	C6H11NO3	145.0732	146.0812	N/A	N/A	168.063	138.57	0.04	144.0653	134.65	0.11			
Primary Metabolite		H8502	Sigma-Aldrich	C03758	681	VYFYYTLLBUKUHU-UHFFFAOYSA-N	Dopamine	51-61-6	C8H11NO2	153.0783	154.0863	125.24	0.09	176.0681	N/A	N/A	152.0704	135.36	0.26			
Primary Metabolite		C0256	Sigma-Aldrich	C00307	13804	RZZPDXZPRHQOCG-OJAKKHQRSA-N	Cytidine 5'-diphosphocholine	987-78-0	C14H26N4O11P2	488.1072	489.1152	198.86	0.13	511.097	208.98	0.23	487.0993	208.41	0.22			
Primary Metabolite		A7127	Sigma-Aldrich	C00179	199	QYPPJABKJHAVHS-UHFFFAOYSA-N	Agmatine	306-60-5	C5H14N4	130.1211	131.1291	129.96	0.31	153.1109	N/A	N/A	129.1132	N/A	N/A			
Primary Metabolite		sc-213046	Santa Cruz Biotechnology		6441567	WRUSVQOKJIDBLP-HWKANZROSA-N	Thyrotropin-releasing hormone	24305-27-9	C16H22N6O4	362.1696	363.1775	181	0.06	385.1594	184.12	0.03	361.1616	187.07	0.14			
Primary Metabolite		403245	Sigma-Aldrich	C01181	134	JHPNVNIEXXLNTR-UHFFFAOYSA-N	Deoxycarnitine	407-64-7	C7H15NO2	145.1096	146.1176	130.4	0.28	168.0994	N/A	N/A	144.1017	N/A	N/A			
Primary Metabolite		M4667	Sigma-Aldrich		6419891	JYVXNLLUYHCIIH-ZCFIWIBFSA-N	Mevalonolactone	674-26-0	C6H10O3	130.0623	131.0703	N/A	N/A	153.0521	143.67	0.55	129.0544	N/A	N/A			
Primary Metabolite		P0378	Sigma-Aldrich	C00588	1014	YHHSONZFOIEMCP-UHFFFAOYSA-O	Phosphocholine	107-73-3	C5H15NO4P	183.0654	184.0733	138.54	0.36	206.0551	N/A	N/A	182.0574	N/A	N/A			
Primary Metabolite		P55805	Sigma-Aldrich	C00465	1044	KDCGOANMDULRCW-UHFFFAOYSA-N	Purine	120-73-0	C5H4N4	120.0429	121.0509	125.4	0.09	143.0327	N/A	N/A	119.035	117.7	0.1			
Primary Metabolite		C3506	Sigma-Aldrich	C00380	597	OPTASPLRGRRNAP-UHFFFAOYSA-N	Cytosine	71-30-7	C4H5N3O	111.0426	112.0505	121.58	0.05	134.0324	N/A	N/A	110.0347	N/A	N/A			
Primary Metabolite				C00149	222656	BJEPYKJPYRNKOW-REOHCLBHSA-N	(S)-Malate	97-67-6	C4H6O5	134.0209	135.0288	N/A	N/A	157.0106	N/A	N/A	133.0129	118.8	0.52			
Primary Metabolite		G11950	Sigma-Aldrich	C00497	92824	BJEPYKJPYRNKOW-UWTATZPHSA-N	(R)-Malate	636-61-3	C4H6O5	134.0209	135.0288	N/A	N/A	157.0106	N/A	N/A	133.0129	120.68	0.76			
Primary Metabolite		A7275	Sigma-Aldrich	C00956	92136	OYIFNHCXNCRBQI-BYPYZUCNSA-N	L-alpha-Aminoadipate	542-32-5	C6H11NO4	161.0682	162.0761	136.36	0.35	184.0579	142.23	0.29	160.0602	N/A	N/A			
Primary Metabolite		G11608	Sigma-Aldrich	C00581	763	BPMFZUMJYQTVII-UHFFFAOYSA-N	Guanidinoacetate	352-97-6	C3H7N3O2	117.0532	118.0611	126.88	0.29	140.0429	N/A	N/A	116.0452	N/A	N/A			
Primary Metabolite		A8625	Sigma-Aldrich	C00140	439174	OVRNDRQMDRJTHS-RTRLPJTCSA-N	N-Acetyl-D-glucosamine	7512-17-6	C8H15NO6	221.0893	222.0972	N/A	N/A	244.079	160.36	0.06	220.0813	N/A	N/A			
Primary Metabolite		124737	Sigma-Aldrich	C00160	757	AEMRFAOFKBGASW-UHFFFAOYSA-N	Glycolic acid	79-14-1	C2H4O3	76.0154	77.0233	N/A	N/A	99.0052	145.51	0.39	75.0074	N/A	N/A			
Primary Metabolite		G9005	Sigma-Aldrich	C00257	10690	RGHNJXZEOKUKBD-SQOUGZDYSA-N	Gluconic Acid	526-95-4	C6H12O7	196.0576	197.0656	141.89	0.18	219.0474	149.77	0.31	195.0497	135.16	0.15			
Primary Metabolite		D7128	Sigma-Aldrich	C00337	439216	UFIVEPVSAGBUSI-REOHCLBHSA-N	(S)-Dihydroorotate	5988-19-2	C5H6N2O4	158.0321	159.04	N/A	N/A	181.0219	N/A	N/A	157.0242	145.44	0.49			
Primary Metabolite		U2625	Sigma-Aldrich	C00366	1175	LEHOTFFKMJEONL-UHFFFAOYSA-N	Uric Acid	69-93-2	C5H4N4O3	168.0283	169.0362	131	0.13	191.0181	143.5	0.68	167.0205	127.08	0			
Primary Metabolite		C4255	Sigma-Aldrich	C00791	588	DDRJAANPRJIHGJ-UHFFFAOYSA-N	Creatinine	60-27-5	C4H7N3O	113.0583	114.0661	123.93	0.17	136.048	133.41	0.13	112.0504	120.65	0.17			
Primary Metabolite		433314	Sigma-Aldrich	C00013	1023	XPPKVPWEQAFLFU-UHFFFAOYSA-N	Pyrophosphoric Acid	2466-09-3	H4P2O7	177.9432	178.9505	N/A	N/A	200.9324	145.58	0.48	176.936	N/A	N/A			
Primary Metabolite		275786	Sigma-Aldrich	C14402	7243	GEYOCULIXLDCMW-UHFFFAOYSA-N	1,2 Phenylenediamine	95-54-5	C6H8N2	108.0687	109.076	129.96	0.38	131.058	N/A	N/A	107.0615	N/A	N/A			
Primary Metabolite		215325	Sigma-Aldrich	C02216	78821	HPZMWTNATZPBIH-UHFFFAOYSA-N	1-Methyladenine	5142-22-3	C6H7N5	149.0701	150.0774	128.35	0.12	172.0594	N/A	N/A	148.0629	130.97	0.27			
Primary Metabolite		M4910	Sigma-Aldrich	C05127	3614	FHQDWPCFSJMNCT-UHFFFAOYSA-N	1-Methylhistamine	501-75-7	C6H7N5	125.0953	126.1026	122.56	0.08	148.0845	N/A	N/A	124.088	N/A	N/A			
Primary Metabolite		C9294	Sigma-Aldrich	C00079	2761491	CVZZNRXMDCOHBG-QMMMGPOBSA-N	2-Chloro-L-Phenylalanine	103616-89-3	C9H10ClNO2	199.04	200.0473	148.86	0.24	222.0292	N/A	N/A	198.0327	N/A	N/A			
Primary Metabolite				C02932	105085	ZCUUVWCJGRQCMZ-UHFFFAOYSA-N	3,4 Dihydroxypyridine	10182-48-6	C5H5NO2	111.032	112.0393	126.74	0.92	134.0212	N/A	N/A	110.0248	N/A	N/A			
Primary Metabolite		D5632	Sigma-Aldrich		67532	COESHZUDRKCEPA-ZETCQYMHSA-N	3,5-Dibromo-1-tyrosine	300-38-9	C9H9Br2NO3	336.8949	337.9022	168.87	0.22	359.8841	162.73	0.18	335.8876	155.6	0.06			
Primary Metabolite		P8877	Sigma-Aldrich	C00597	439183	OSJPPGNTCRNQQC-UWTATZPHSA-N	D-Glyceraldehyde 3- Phosphate	591-57-1	C3H7O6P	169.9974	171.0053	135.86	0.09	192.9866	150.37	0.15	168.9894	127.82	0.12			
Primary Metabolite		5670	Sigma-Aldrich	C01551	204	POJWUDADGALRAB-UHFFFAOYSA-N	Allantoin	97-59-6	C4H6N4O3	158.044	159.0513	N/A	N/A	181.0332	145.61	0.46	157.0367	128.39	0.16			
Primary Metabolite		D2016	Sigma-Aldrich	C00814	5280373	WUADCCWRTIWANL-UHFFFAOYSA-N	Biochanin A	491-80-5	C16H12O5	284.0685	285.0757	N/A	N/A	307.0577	N/A	N/A	283.0612	170.41	0.12			
Primary Metabolite		D1411	Sigma-Aldrich	C01909	643	AUTOLBMXDDTRRT-UHFFFAOYSA-N	d-Desthiobiotin	533-48-2	C10H18N2O3	214.1317	215.139	145.78	0	237.121	159.12	0.29	213.1245	158.01	0.1			
Primary Metabolite		D7137	Sigma-Aldrich	C00111	668	GNGACRATGGDKBX-UHFFFAOYSA-N	Dihydroxyacetone Phosphate	57-04-5	C3H7O6P	169.998	171.0053	N/A	N/A	192.9872	144.07	0.07	168.9907	N/A	N/A			
Primary Metabolite		H9377	Sigma-Aldrich	C00262	790	FDGQSTZJBFJUBT-UHFFFAOYSA-N	Hypoxanthine	68-94-0	C5H4N4O	136.0385	137.0458	135.79	0.64	159.0277	138.88	0.65	135.0312	126.38	0.08			
Xenobiotic		I7378	Sigma-Aldrich	C01926	3715	CGIGDMFJXJATDK-UHFFFAOYSA-N	Indomethacin	53-86-1	C19H16ClNO4	357.0768	358.0841	183.55	0.48	380.066	195.98	0.56	356.0695	N/A	N/A			
Primary Metabolite		PHR1351	Sigma-Aldrich	C00137	892	CDAISMWEOUEBRE-UHFFFAOYSA-N	Inositol	643-12-9	C6H12O6	180.0627	181.0707	N/A	N/A	203.0519	151.95	0.27	179.0548	144.27	1.01			
Xenobiotic		PHR1541	Sigma-Aldrich	D01211	18641362	KVUAALJSMIVURS-NQJMHYHOSA-L	Leucovorin Calcium	1492-18-8	C20H21CaN7O7	473.1659	474.1737	198.8	0.08	496.1557	N/A	N/A	472.1581	202.35	0.62			
Primary Metabolite		1409	Sigma-Aldrich	C00227	186	RLQMPLKXFIXRCV-UHFFFAOYSA-L	Acetyl Phosphate	590-54-5	C2H5O5P	139.9875	140.9947	N/A	N/A	162.9767	125.44	0.17	138.9802	N/A	N/A			
Xenobiotic					75318	YWWHKOHZGJFMIE-UHFFFAOYSA-N	Monoethyl Phthalate	2306-33-4	C10H10O4	194.0579	195.0652	N/A	N/A	217.0471	155.67	0.16	193.0506	148.23	0.58			
Primary Metabolite		O3251	Sigma-Aldrich	C00746	439302	XNOPRXBHLZRZKH-DSZYJQQASA-N	Oxytocin	50-56-6	C43H66N12O12S2	1006.4364	1007.4437	N/A	N/A	1029.4257	N/A	N/A	1005.4292	298.97	0.91			
Primary Metabolite		H9380	Sigma-Aldrich	C01586	464	QIAFMBKCNZACKA-UHFFFAOYSA-N	Hippuric Acid	495-69-2	C9H9NO3	179.0582	180.0655	146.82	0.34	202.0475	154.06	0.48	178.051	148.23	0.28			
Xenobiotic		S6256	Sigma-Aldrich	C19530	5327	ASWVTGNCAZCNNR-UHFFFAOYSA-N	Sulfamethazine	57-68-1	C12H14N4O2S	278.0837	279.091	N/A	N/A	301.073	176.07	0.49	277.0765	168.63	0.44			
Xenobiotic		46908	Sigma-Aldrich	D01526	5343	YZMCKZRAOLZXAZ-UHFFFAOYSA-N	Sulfisomidine	515-64-0	C12H14N4O2S	278.0837	279.091	N/A	N/A	301.073	180.13	0.28	277.0765	170.55	0.93			
Primary Metabolite		X0626	Sigma-Aldrich	C00385	1188	LRFVTYWOQMYALW-UHFFFAOYSA-N	Xanthine	69-89-6	C5H4N4O2	152.0334	153.0407	138.11	0.33	175.0226	152.65	0.23	151.0261	124.36	0.21			
Primary Metabolite	Antioxidant	A5960	Sigma-Aldrich	C00072	54670067	CIWBSHSKHKDKBQ-JLAZNSOCSA-N	L-Ascorbic Acid	50-81-7	C6H8O6	176.0321	177.0394	N/A	N/A	199.0213	146.11	0.65	175.0248	130.67	0.09			
Primary Metabolite	Antioxidant	G4251	Sigma-Aldrich	C00051	124886	RWSXRVCMGQZWBV-WDSKDSINSA-N	Glutathione	70-18-8	C10H17N3O6S	307.0838	308.0911	N/A	N/A	330.073	168.23	0.09	306.0765	164.24	0.13			
Secondary Metabolite		79457	Sigma-Aldrich	C05905	128861	COAWNPJQKJEHPG-UHFFFAOYSA-N	Cyanidin	528-58-5	C15H11O6+	287.0556	287.0556	168.33	0.25	311.0526	N/A	N/A	287.0561	N/A	N/A			
Secondary Metabolite	Flavonoid	43725	Sigma-Aldrich	C05908	128853	JKHRCGUTYDNCLE-UHFFFAOYSA-O	Delphinidin	13270-61-6	C15H11O7+	303.0505	303.0505	171.35	0.03	326.0397	N/A	N/A	302.0432	N/A	N/A			
Secondary Metabolite	Flavonoid	A2862	Sigma-Aldrich	C17449	119258	ZROGCCBNZBKLEL-MPRHSVQHSA-N	Astilbin	29838-67-3	‎C21H22O11	450.1162	451.1235	205.87	0.32	473.1054	212.64	0.09	449.1089	198.33	0.34			
Secondary Metabolite	Flavonoid	M6760	Sigma-Aldrich	C10107	5281672	IKMDFBPHZNJCSN-UHFFFAOYSA-N	Myricetin	529-44-2	C15H10O8	318.0376	319.0448	174.4	0.46	341.0268	193.9	0.08	317.0303	N/A	N/A			
Secondary Metabolite	Flavonoid	W530098	Sigma-Aldrich	C00509	932	FTVWIRXFELQLPI-UHFFFAOYSA-N	Naringenin	480-41-1	C15H12O5	272.0685	273.0757	167.96	0.03	295.0577	N/A	N/A	271.0612	167.33	0.43			
Secondary Metabolite	Flavonoid	40584	Sigma-Aldrich	C10018	5281600	YUSWMAULDXZHPY-UHFFFAOYSA-N	Amentoflavone	1617-53-4	C30H18O10	538.09	539.0973	230.16	0.13	561.0792	N/A	N/A	537.0827	217.23	0.1			
Secondary Metabolite	Flavonoid	N1376	Sigma-Aldrich	C10112	72344	DFPMSGMNTNDNHN-ZPHOTFPESA-N	Naringin	10236-47-2	C27H32O14	580.1792	581.1864	240.62	0.13	603.1684	234.02	0.14	579.1719	217.33	0.03			
Secondary Metabolite	Flavonoid	R5143	Sigma-Aldrich	C05625	5280805	IKGXIBQEEMLURG-NVPNHPEKSA-N	Rutin	153-18-4	C27H30O16	610.1534	611.1607	236.2	0.05	633.1426	251.61	0.12	609.1461	235.49	0.09			
Secondary Metabolite	Flavonoid	T8951	Sigma-Aldrich	C10190	68077	ULSUXBXHSYSGDT-UHFFFAOYSA-N	Tangeritin	481-53-8	C20H20O7	372.1209	373.1282	187.9	0	395.1101	208.15	0.11	371.1136	N/A	N/A			
Secondary Metabolite	Flavonoid	47752	Sigma-Aldrich	C00858	5280378	HKQYGTCOTHHOMP-UHFFFAOYSA-N	Formononetin	485-72-3	C16H12O4	268.0736	269.0808	N/A	N/A	291.0628	176.14	0.3	267.0663	169.04	0.5			
Secondary Metabolite	Flavonoid	89061	Sigma-Aldrich	C05631	440735	SBHXYTNGIZCORC-ZDUSSCGKSA-N	Eriodictyol	552-58-9	C15H12O6	288.0634	289.0707	170.48	0.07	311.0526	182.17	0.06	287.0561	N/A	N/A			
Secondary Metabolite	Flavonoid	68120	Sigma-Aldrich	C08716	159287	KZMACGJDUUWFCH-UHFFFAOYSA-O	Malvidin	10463-84-0	‎C17H15O7+	331.0818	331.0818	178.55	0.1	354.071	N/A	N/A	330.0745	N/A	N/A			
Secondary Metabolite	Flavonoid			C19807	5379265	CPCPHNWWTJLXKQ-UHFFFAOYSA-N	5-7-Dihydroxy-3-4-5-Trimethoxyflavone	18103-42-9	C18H16O7	344.0896	345.0969	185.59	0.11	367.0788	209.99	0.12	343.0823	191.66	0.55			
Secondary Metabolite	Flavonoid	43412	Sigma-Aldrich	C06562	9064	PFTAWBLQPZVEMU-DZGCQCFKSA-N	Catechin	7295-85-4	C15H14O6	290.079	291.0863	165.18	0.11	313.0683	184.42	0.14	289.0718	159.96	0.06			
Secondary Metabolite	Flavonoid	K0133	Sigma-Aldrich	C05903	5280863	IYRMWMYZSQPJKC-UHFFFAOYSA-N	Kaempferol	520-18-3	C15H10O6	286.0477	287.055	165.99	0.06	309.037	187.2	0.35	285.0405	165.92	0.4			
Secondary Metabolite	Flavonoid	H4125	Sigma-Aldrich	C10038	5281612	AIONOLUJZLIMTK-AWEZNQCLSA-N	Hesperetin	520-33-2	C16H14O6	302.079	303.0863	176.54	0.25	325.0683	184.45	0.17	301.0718	178.49	0.07			
Secondary Metabolite	Flavonoid	17794	Sigma-Aldrich	C10084	5281654	IZQSVPBOUDKVDZ-UHFFFAOYSA-N	Isorhamnetin	480-19-3	C16H12O7	316.0583	317.0656	172.96	0.32	339.0475	195.91	0.18	315.051	174.6	0.17			
Secondary Metabolite	Phenylpropanoid/Polyketide	I3766	Sigma-Aldrich	C08650	638278	DXDRHHKMWQZJHT-FPYGCLRLSA-N	Isoliquiritigenin	961-29-5	C15H12O4	256.0736	257.0808	165.05	0.19	279.0628	187.37	0.59	255.0663	164.24	0.43			
Secondary Metabolite	Phenylpropanoid/Polyketide	W228613	Sigma-Aldrich	C00903	637511	KJPRLNWUNMBNBZ-QPJJXVBHSA-N	Cinnamaldehyde	104-55-2	C9H8O	132.0575	133.0648	134.25	0.04	155.0467	N/A	N/A	131.0502	N/A	N/A			
Secondary Metabolite	Phenylpropanoid/Polyketide	D7802	Sigma-Aldrich	C10208	5281708	ZQSIJRDFPHDXIC-UHFFFAOYSA-N	Daidzein	486-66-8	C15H10O4	254.0579	255.0652	157.23	0.04	277.0471	173.13	0.07	253.0506	162.33	0.26			
Secondary Metabolite	Phenylpropanoid/Polyketide	G6649	Sigma-Aldrich	C06563	5280961	TZBJGXHYKVUXJN-UHFFFAOYSA-N	Genistein	446-72-0	C15H10O5	270.0528	271.0601	163.3	0.43	293.042	177.67	0.31	269.0455	164.13	0.07			
Secondary Metabolite	Phenylpropanoid/Polyketide	80614	Sigma-Aldrich	C16419	73201	ORJDDOBAOGKRJV-AWEZNQCLSA-N	Pinostrobin	75291-74-6	C16H14O4	270.0892	271.0965	164.24	0.55	293.0784	N/A	N/A	269.0819	168.8	0.98			
Secondary Metabolite	Phenylpropanoid/Polyketide	H24003	Sigma-Aldrich	C09315	5281426	ORHBXUUXSCNDEV-UHFFFAOYSA-N	Umbelliferone	93-35-6	C9H6O3	162.0317	163.039	N/A	N/A	185.0209	154.46	0.08	161.0244	130.56	0.12			
Secondary Metabolite	Phenylpropanoid/Polyketide	82415	Sigma-Aldrich	C10521	5281804	KQMVAGISDHMXJJ-UHFFFAOYSA-N	Prunetin	552-59-0	C16H12O5	284.0685	285.0757	166.26	0.49	307.0577	181.44	0.82	283.0612	175.17	0.03			
Secondary Metabolite	Terpene	456055	Sigma-Aldrich	C06076	6616	CRPUJAZIXJMDBK-UHFFFAOYSA-N	Camphene	79-92-5	C10H16	136.1252	137.1325	130.63	0.57	159.1144	133.01	0.08	135.1179	N/A	N/A			
Secondary Metabolite	Terpene	89231	Sigma-Aldrich	C09906	261491	USMNOWBWPHYOEA-MRTMQBJTSA-N	Thujone	546-80-5	C10H16O	152.1201	153.1274	141.82	0.08	175.1093	N/A	N/A	151.1128	N/A	N/A			
Secondary Metabolite	Terpene	L2602	Sigma-Aldrich	C03985	6549	CDOSHBSSFJOMGT-UHFFFAOYSA-N	Linalool	78-70-6	C10H18O	154.1358	155.143	N/A	N/A	177.125	140.55	0.36	153.1285	N/A	N/A			
Secondary Metabolite	Terpene	50741	Sigma-Aldrich	C01852	161276	CSKKDSFETGLMSB-NRZPKYKESA-N	Secologanin	19351-63-4	C17H24O10	388.1369	389.1442	N/A	N/A	411.1262	191.96	0.11	387.1297	191.59	0.3			
Microbial		G4500	Sigma-Aldrich	C00257	10690	RGHNJXZEOKUKBD-SQOUGZDYSA-N	D-Gluconate	526-95-4	C6H12O7	196.0576	197.0656	141.89	0.18	219.0474	149.77	0.31	195.0497	135.16	0.15			
Secondary Metabolite		P9630	Sigma-Aldrich	C00847	6723	HXACOUQIXZGNBF-UHFFFAOYSA-N	4-Pyridoxate	82-82-6	C8H9NO4	183.0525	184.0604	137.27	0.24	206.0423	151.78	0.17	182.0446	N/A	N/A			
Secondary Metabolite		G0049000	Sigma-Aldrich	C01697	11850	FBPFZTCFMRRESA-GUCUJZIJSA-N	Galactitol	608-66-2	C6H14O6	182.0784	183.0863	N/A	N/A	205.0682	145.91	0.14	181.0704	N/A	N/A			
Secondary Metabolite		268674	Sigma-Aldrich	C03557	339	QQVDJLLNRSOCEL-UHFFFAOYSA-N	2-Aminoethylphosphonate	2041-14-7	C2H8NO3P	125.0235	126.0315	132.21	0.15	148.0133	N/A	N/A	124.0156	N/A	N/A			
Secondary Metabolite		I1006	Sigma-Aldrich	C03375	5942	OTBHHUPVCYLGQO-UHFFFAOYSA-N	Bis(3-aminopropyl)amine	56-18-8	C6H17N3	131.1416	132.1495	128.52	0.25	154.1314	N/A	N/A	130.1337	N/A	N/A			
Secondary Metabolite		A1049	Sigma-Aldrich	C06082	5280896	JLIDBLDQVAYHNE-YKALOCIXSA-N	Abscisic Acid	21293-29-8	C15H20O4	264.1362	265.1434	160.56	0.06	287.1254	176.18	0.2	263.1289	174.4	0.03			
Secondary Metabolite		C7017	Sigma-Aldrich	C00114	305	OEYIOHPDSNJKLS-UHFFFAOYSA-N	Choline	62–49–7	C5H14NO+	104.1075	103.0997	119	0.1	127.0968	N/A	N/A	103.1003	N/A	N/A			
Secondary Metabolite		E7881	Sigma-Aldrich	C10343	3220	RHMXXJGYXNZAPX-UHFFFAOYSA-N	Emodin	518-82-1	C15H10O5	270.0528	271.0601	161.3	0.54	293.042	N/A	N/A	269.0455	156.91	0.13			
Secondary Metabolite		H9003	Sigma-Aldrich	C00530	785	QIGBRXMKCJKVMJ-UHFFFAOYSA-N	Hydroquinone	123-31-9	C6H6O2	110.0368	111.0441	128.79	0.08	133.026	N/A	N/A	109.0295	119.07	0.27			
Secondary Metabolite		H47003	Sigma-Aldrich	C03840	3806	KQPYUDDGWXQXHS-UHFFFAOYSA-N	Juglone	481-39-0	C10H6O3	174.0317	175.039	N/A	N/A	197.0209	N/A	N/A	173.0244	131.2	0.13			
Secondary Metabolite		L3307	Sigma-Aldrich	C03212	10250	UYEUUXMDVNYCAM-UHFFFAOYSA-N	Lumazine	487-21-8	C6H4N4O2	164.0334	165.0407	138.17	0.47	187.0226	139.65	0.56	163.0261	128.55	0.2			
Secondary Metabolite		6279	Sigma-Aldrich	C10077	5281647	AEDDIBAIWPIIBD-ZJKJAXBQSA-N	Mangiferin	4773-96-0	C19H18O11	422.0849	423.0922	196.62	0.08	445.0741	N/A	N/A	421.0776	195.81	0.12			
Secondary Metabolite		W247502	Sigma-Aldrich	C10454	7127	ZYEMGPIYFIJGTP-UHFFFAOYSA-N	Methyleugenol	93-15-2	C11H14O2	178.0994	179.1067	138.94	0.07	201.0886	160.36	0.06	177.0921	133.68	0.23			
Secondary Metabolite		9237	Sigma-Aldrich	C10480	4276	BNWJOHGLIBDBOB-UHFFFAOYSA-N	Myristicin	607-91-0	C11H12O3	192.0786	193.0859	141.69	0.08	215.0679	N/A	N/A	191.0714	144.74	0.11			
Secondary Metabolite		R8875	Sigma-Aldrich	C07593	6758	JUVIOZPCNVVQFO-HBGVWJBISA-N	Rotenone	83-79-4	C23H22O6	394.1416	395.1489	199.63	0.33	417.1308	213.17	0.23	393.1344	202.52	0.03			
Secondary Metabolite		79058	Sigma-Aldrich	C06044	10393	YCCILVSKPBXVIP-UHFFFAOYSA-N	Tyrosol	501-94-0	C8H10O2	138.0681	139.0754	N/A	N/A	161.0573	N/A	N/A	137.0608	138.71	0.08			
Secondary Metabolite		284599	Sigma-Aldrich	C06180	2181	MTXSIJUGVMTTMU-UHFFFAOYSA-N	Anabasine	40774-73-0	C10H14N2	162.1157	163.123	140.18	0.25	185.1049	N/A	N/A	161.1084	N/A	N/A			
Secondary Metabolite		36483	Sigma-Aldrich	C01433	87691	AMBQHHVBBHTQBF-UOUCRYGSSA-N	Loganin	18524-94-2	C17H26O10	390.1526	391.1599	N/A	N/A	413.1418	195.65	0.09	389.1453	N/A	N/A			
Secondary Metabolite		17	Sigma-Aldrich	C01470	5280442	DANYIYRPLHHOCZ-UHFFFAOYSA-N	Acacetin	480-44-4	C16H12O5	284.0685	285.0757	167.06	0.53	307.0577	N/A	N/A	283.0612	172.92	0.41			
Secondary Metabolite		M4263	Sigma-Aldrich	C00083	644066	LTYOQGRJFJAKNA-DVVLENMVSA-N	Malonyl-CoA	524-14-1	C24H38N7O19P3S	853.1156	854.1229	N/A	N/A	876.1048	N/A	N/A	852.1083	253.05	0.07			
Secondary Metabolite		148075	Sigma-Aldrich	C00809	2537	DSSYKIVIOFKYAU-UHFFFAOYSA-N	Camphor	76-22-2	C10H16O	152.1201	153.1274	142.8	0.11	175.1093	N/A	N/A	151.1128	N/A	N/A			
Xenobiotic	Pesticide/Herbicide/Fungicide	49085	Sigma-Aldrich	C06551	2256	MXWJVTOOROXGIU-UHFFFAOYSA-N	Atrazine	1912-24-9	C8H14ClN5	215.0931	216.1004	150.74	0.04	238.0823	N/A	N/A	214.0858	N/A	N/A			
Xenobiotic	Pesticide/Herbicide/Fungicide	D2425	Sigma-Aldrich	C18428	3120	XMTQQYYKAHVGBJ-UHFFFAOYSA-N	Diuron	330-54-1	C9H10Cl2N2O	232.0164	233.0236	153.32	0.57	255.0056	162.7	0.4	231.0091	149.87	0.28			
Xenobiotic	Pesticide/Herbicide/Fungicide	32096	Sigma-Aldrich		44146693	YFONKFDEZLYQDH-BOURZNODSA-N	Indaziflam	950782-86-2	C16H20FN5	301.1703	302.1775	169.27	0.09	324.1595	174.6	0.17	300.163	180.67	0.2			
Xenobiotic	Pesticide/Herbicide/Fungicide	37877	Sigma-Aldrich		54738	CLQMBPJKHLGMQK-UHFFFAOYSA-N	Imazapyr	81334-34-1	C13H15N3O3	261.1113	262.1186	157.81	0.42	284.1006	176.07	0.26	260.1041	164.95	0.2			
Xenobiotic	Pesticide/Herbicide/Fungicide	45520	Sigma-Aldrich	C05042	4794	IAJOBQBIJHVGMQ-UHFFFAOYSA-N	Glufosinate-Ammonium	77182-82-2	C5H15N2O4P	181.0503	182.0576	140.15	0.44	204.0395	142.7	0.73	180.043	135.42	0			
Xenobiotic	Pesticide/Herbicide/Fungicide	33379	Sigma-Aldrich	C10925	1988	VTNQPKFIQCLBDU-UHFFFAOYSA-N	Acetochlor	34256-82-1	C14H20ClNO2	269.1182	270.1255	160.09	0.32	292.1075	174.6	0.12	268.111	N/A	N/A			
Xenobiotic	Pesticide/Herbicide/Fungicide	36774	Sigma-Aldrich	C14310	15965	NQQVFXUMIDALNH-UHFFFAOYSA-N	Picloram	1918-02-1	C6H3Cl3N2O2	239.926	240.9333	142.83	0.27	262.9152	156.37	0.23	238.9187	136.87	0.3			
Xenobiotic	Pesticide/Herbicide/Fungicide	32918	Sigma-Aldrich	C18442	91763	FMGZEUWROYGLAY-UHFFFAOYSA-N	Halosulfuron-methyl	100784-20-1	C13H15ClN6O7S	434.0411	435.0484	196.48	0.3	457.0304	201.41	0.48	433.0339	195.34	0.19			
Xenobiotic	Pesticide/Herbicide/Fungicide	45677	Sigma-Aldrich	C18811	13450	IROINLKCQGIITA-UHFFFAOYSA-N	Terbutryn	886-50-0	C10H19N5S	241.1361	242.1434	161.23	0.36	264.1253	N/A	N/A	240.1288	N/A	N/A			
Xenobiotic	Pesticide/Herbicide/Fungicide	45430	Sigma-Aldrich	C18597	3030	IWEDIXLBFLAXBO-UHFFFAOYSA-N	Dicamba	1918-00-9	C8H6Cl2O3	219.9694	220.9767	N/A	N/A	242.9586	157.21	0.04	218.9621	N/A	N/A			
Xenobiotic	Pesticide/Herbicide/Fungicide	36163	Sigma-Aldrich	C10953	4169	WVQBLGZPHOPPFO-UHFFFAOYSA-N	Metolachlor	51218-45-2	C15H22ClNO2	283.1339	284.1412	161.46	0.19	306.1231	175.84	0.58	282.1266	N/A	N/A			
Xenobiotic	Pesticide/Herbicide/Fungicide	36129	Sigma-Aldrich	C10926	39965	CAWXEEYDBZRFPE-UHFFFAOYSA-N	Hexazinone	51235-04-2	C12H20N4O2	252.1586	253.1659	163.17	0.16	275.1478	179.49	0.12	251.1513	N/A	N/A			
Xenobiotic	Pesticide/Herbicide/Fungicide	35191	Sigma-Aldrich	C11019	38479	CHIFOSRWCNZCFN-UHFFFAOYSA-N	Pendimethalin	40487-42-1	‎C13H19N3O4	281.1375	282.1448	162.6	0.07	304.1268	187.77	0.32	280.1303	167.46	0.59			
Xenobiotic	Pesticide/Herbicide/Fungicide	T8904	Sigma-Aldrich	C07131	5430	WJCNZQLZVWNLKY-UHFFFAOYSA-N	Thiabendazole	148-79-8	C10H7N3S	201.036	202.0439	N/A	N/A	224.0257	164.17	0.89	200.028	144.6	0.45			
Xenobiotic	Pesticide/Herbicide/Fungicide	36165	Sigma-Aldrich		30479	FOXFZRUHNHCZPX-UHFFFAOYSA-N	Metribuzin	21087-64-9	C8H14N4OS	214.0887	215.0967	150.5	0.18	237.0785	171.27	0.32	213.0808	N/A	N/A			
Xenobiotic	Pesticide/Herbicide/Fungicide	PS369	Sigma-Aldrich	C18853	16562	RZILCCPWPBTYDO-UHFFFAOYSA-N	Fluometuron	2164-17-2	C10H11F3N2O	232.0822	233.0902	152.2	0.17	255.072	161.2	0.43	231.0743	148.33	0.04			
Xenobiotic	Pesticide/Herbicide/Fungicide	46102	Sigma-Aldrich		86398	MUJOIMFVNIBMKC-UHFFFAOYSA-N	Fludioxonil	131341-86-1	C12H6F2N2O2	248.0396	249.0476	N/A	N/A	271.0294	165.7	0.1	247.0317	148.3	0.12			
Xenobiotic	Drug	C0750	Sigma-Aldrich	C07481	2519	RYYVLZVUVIJVGH-UHFFFAOYSA-N	Caffeine	58-08-2	C8H10N4O2	194.0797	195.0877	142.9	0.08	217.0695	N/A	N/A	193.0718	N/A	N/A			
Xenobiotic		IMPC-051-03	Sigma-Aldrich	C13747	4687	QUNWUDVFRNGTCO-UHFFFAOYSA-N	Paraxanthine	611-59-6	C7H8N4O2	180.0641	181.072	135.63	0.07	203.0538	N/A	N/A	179.0561	N/A	N/A			
Xenobiotic	Drug	CDS021691	Sigma-Aldrich	C00329	439213	MSWZFWKMSRAUBD-IVMDWMLBSA-N	D-Glucosamine	3416-24-8	C6H13NO5	179.0787	180.0867	135.59	0.24	202.0685	147.19	0.07	178.0708	N/A	N/A			
Xenobiotic	Drug	T1633	Sigma-Aldrich	C07130	2153	ZFXYFBGIUFBOJW-UHFFFAOYSA-N	Theophylline	58-55-9	C7H8N4O2	180.0641	181.072	143.06	0.07	203.0538	149.63	0.1	179.0561	135.79	0.15			
Xenobiotic		D8885	Sigma-Aldrich	C06772	8113	ZBCBWPMODOFKDW-UHFFFAOYSA-N	Diethanolamine	111-42-2	C4H11NO2	105.0783	106.0863	123.33	0.61	128.0681	N/A	N/A	104.0704	N/A	N/A			
Xenobiotic		524972	Sigma-Aldrich	C14175	6781	FLKPEMZONWLCSK-UHFFFAOYSA-N	Diethyl Pthalate	84-66-2	C12H14O4	222.0891	223.097	N/A	N/A	245.0789	165.23	0.34	221.0811	N/A	N/A			
Microbial		P2519	Sigma-Aldrich	C00408	439227	HXEACLLIILLPRG-YFKPBYRVSA-N	L-Pipecolate	3105-95-1	C6H11NO2	129.0783	130.0863	130.93	0.32	152.0681	N/A	N/A	128.0704	133.82	0.2			
Microbial		89469	Sigma-Aldrich	C00666	439283	GMKMEZVLHJARHF-WHFBIAKZSA-N	LL-2,6-Diaminoheptanedioate	583-93-7	C7H14N2O4	190.0947	191.1026	142.53	0.11	213.0845	N/A	N/A	189.0868	140.02	0.4			
Microbial		T90344	Sigma-Aldrich	C00483	5610	DZGWFCGJZKJUFP-UHFFFAOYSA-N	Tyramine	51-67-2	C8H11NO	137.0841	121.0653	123.43	0.12	145.0629	139.98	0.83	119.0497	N/A	N/A			
Microbial		S3007	Sigma-Aldrich	C00805	338	YGSDEFSMJLZEOE-UHFFFAOYSA-N	Sodium Salicylate	54-21-7	C7H5NaO3	138.0311	139.039	N/A	N/A	161.0208	N/A	N/A	137.0231	123.36	0.36			
Microbial		193747	Sigma-Aldrich	C00398	1150	APJYDQYYACXCRM-UHFFFAOYSA-N	Tryptamine	61-54-1	C10H12N2	160.1004	144.0813	128.42	0.05	168.0789	N/A	N/A	142.0657	N/A	N/A			
Microbial		5616	Sigma-Aldrich	C02637	439774	SLWWJZMPHJJOPH-PHDIDXHHSA-N	3-Dehydroshikimate	2922-42-1	C7H8O5	172.0365	173.0445	N/A	N/A	195.0263	N/A	N/A	171.0286	135.32	1.02			
Microbial		S5375	Sigma-Aldrich	C00493	8742	JXOHGGNKMLTUBP-HSUXUTPPSA-N	Shikimic Acid	138-59-0	C7H10O5	174.0522	175.0601	149.5	0.29	197.0419	N/A	N/A	173.0442	140.55	0.12			
Microbial		D9628	Sigma-Aldrich	C00355	6047	WTDRDQBEARUVNC-UHFFFAOYSA-N	3,4-Dihydroxy-L-phenylalanine	59-92-7	C9H11NO4	197.0687	198.0766	154.29	0.15	220.0585	151.11	0.12	196.0607	144.27	0.3			
Microbial		H9772	Sigma-Aldrich	C00643	439280	LDCYZAJDBXYCGN-VIFPVBQESA-N	5-Hydroxy-L-Tryptophan	4350-09-8	C11H12N2O3	220.0841	221.0921	157.88	0.1	243.0739	156.47	0.56	219.0762	153.72	0.07			
Xenobiotic	PAH	84679	Sigma-Aldrich	C00829	931	UFWIBTONFRDIAS-UHFFFAOYSA-N	Naphthalene	91-20-3	C10H8	128.0626	129.0704	120.28	0.32	151.0523668	N/A	N/A	127.0547722	N/A	N/A	128.06	118.84	0.18
Xenobiotic	PAH	M56808	Sigma-Aldrich	C14082	7002	QPUYECUOLPXSFR-UHFFFAOYSA-N	1-methylnaphthalene	90-12-0	C11H10	142.0782	143.0861	125.2	0.14	165.068016	N/A	N/A	141.0704214	N/A	N/A	142.08	123.49	0.14
Xenobiotic	PAH	M57006	Sigma-Aldrich	C14098	7055	QIMMUPPBPVKWKM-UHFFFAOYSA-N	2-methylnaphthalene	91-57-6	C11H10	142.0782	143.0861	124.57	0.11	165.068016	N/A	N/A	141.0704214	N/A	N/A	142.08	123.19	0.04
Xenobiotic	PAH	416703	Sigma-Aldrich		9161	HXGDTGSAIMULJN-UHFFFAOYSA-N	Acenaphthylene	208-96-8	C12H8	152.0626	153.0704	125.71	0.1	175.0523668	N/A	N/A	151.0547722	N/A	N/A	152.06	124.8	0.04
Xenobiotic	PAH	215376	Sigma-Aldrich		6734	CWRYPZZKDGJXCA-UHFFFAOYSA-N	Acenaphthene	83-32-9	C12H10	154.0782	155.0861	N/A	N/A	177.068016	N/A	N/A	153.0704214	N/A	N/A	154.08	128.5	0.11
Xenobiotic	PAH	360740	Sigma-Aldrich	C14329	11317	QNLZIZAQLLYXTC-UHFFFAOYSA-N	1, 2-Dimethylnaphthalene	573-98-8	C12H12	156.0939	157.1017	130.93	0.35	179.0836652	N/A	N/A	155.0860706	N/A	N/A	156.09	128.35	0.15
Xenobiotic	PAH	250937	Sigma-Aldrich	C14217	11328	CBMXCNPQDUJNHT-UHFFFAOYSA-N	1,6-Dimethylnaphthalene	575-43-9	C12H12	156.0939	157.1017	130.13	0.19	179.0836652	N/A	N/A	155.0860706	N/A	N/A	156.09	127.82	0.1
Xenobiotic	PAH	279919	Sigma-Aldrich		11396	LRQYSMQNJLZKPS-UHFFFAOYSA-N	2, 7-Dimethylnaphthalene	582-16-1	C12H12	156.0939	157.1017	131	0.11	179.0836652	N/A	N/A	155.0860706	N/A	N/A	156.09	N/A	N/A
Xenobiotic	PAH	128333	Sigma-Aldrich	C07715	6853	NIHNNTQXNPWCJQ-UHFFFAOYSA-N	Fluorene	86-73-7	C13H10	166.0782	167.0861	N/A	N/A	189.068016	N/A	N/A	165.0704214	N/A	N/A	166.08	130.9	0.12
Xenobiotic	PAH	31581	Sigma-Aldrich	C14315	8418	MWPLVEDNUUSJAV-UHFFFAOYSA-N	Anthracene	120-12-7	C14H10	178.0782	179.0861	N/A	N/A	201.068016	N/A	N/A	177.0704214	N/A	N/A	178.08	133.1	0.14
Xenobiotic	PAH	P10801	Sigma-Aldrich		11050	WWBGWPHHLRSTFI-UHFFFAOYSA-N	Perinaphthenone	548-39-0	C13H8O	180.0575	181.0653	134.59	0.55	203.0472818	N/A	N/A	179.0496872	N/A	N/A	180.06	N/A	N/A
Xenobiotic	PAH	A201	Sigma-Aldrich	C02807	6724	AFPRJLBZLPBTPZ-UHFFFAOYSA-N	Acenaphthenequinone	82-86-0	C12H6O2	182.0368	183.0446	145.51	1.5	205.0265476	N/A	N/A	181.028953	N/A	N/A	182.04	N/A	N/A
Xenobiotic	PAH	M29401	Sigma-Aldrich		11936	GYMFBYTZOGMSQJ-UHFFFAOYSA-N	2-Methylanthracene	613-12-7	C15H12	192.0939	193.1017	138.61	0.3	215.0836652	N/A	N/A	191.0860706	N/A	N/A	192.09	137.27	0.28
Xenobiotic	PAH	M29606	Sigma-Aldrich		13068	CPGPAVAKSZHMBP-UHFFFAOYSA-N	9-Methylanthracene	779-02-2	C15H12	192.0939	193.1017	N/A	N/A	215.0836652	N/A	N/A	191.0860706	N/A	N/A	192.09	136.43	0.06
Xenobiotic	PAH	82648	Sigma-Aldrich	C14335	31423	BBEAQIROQSPTKN-UHFFFAOYSA-N	Pyrene	129-00-0	C16H10	202.0782	203.0861	137.97	0.09	225.068016	N/A	N/A	201.0704214	N/A	N/A	202.08	137.5	0.19
Xenobiotic	PAH	423947	Sigma-Aldrich	C19425	9154	GVEPBJHOBDJJJI-UHFFFAOYSA-N	Fluoranthene	206-44-0	C16H10	202.0783	203.0861	138.84	0	225.06802	N/A	N/A	201.0704254	N/A	N/A	202.08	138.34	0.06
Xenobiotic	PAH	D2979	TCI Chemicals		69170	OGVRJXPGSVLDRD-UHFFFAOYSA-N	2, 3-Dimethylanthracene	613-06-9	C16H14	206.1095	207.1174	146.15	0.09	229.0993144	N/A	N/A	205.1017198	N/A	N/A	206.11	N/A	N/A
Xenobiotic	PAH	D1235	TCI Chemicals		15304	OMIBPZBOAJFEJS-UHFFFAOYSA-N	3,6-Dimethylphenanthrene	1576-67-6	C16H14	206.1095	207.1174	145.58	0.06	229.0993144	N/A	N/A	205.1017198	N/A	N/A	206.11	144.44	0.09
Xenobiotic	PAH	A90004	Sigma-Aldrich	C16207	6780	RZVHIXYEVGDQDX-UHFFFAOYSA-N	Anthraquinone	84-65-1	C14H8O2	208.0524	209.0603	141.89	0.13	231.0421968	N/A	N/A	207.0446022	N/A	N/A	208.05	N/A	N/A
Xenobiotic	PAH	T82600	Sigma-Aldrich	C19541	9170	SLGBZMMZGDRARJ-UHFFFAOYSA-N	Triphenylene	217-59-4	C18H12	228.0939	229.1017	N/A	N/A	251.0836652	N/A	N/A	227.0860706	N/A	N/A	228.09	144.81	0.03
Xenobiotic	PAH	B0019	TCI Chemicals		6697	HUKPVYBUJRAUAG-UHFFFAOYSA-N	Benzanthrone	82-05-3	C17H10O	230.0732	231.081	145.71	0.07	253.062931	N/A	N/A	229.0653364	N/A	N/A	230.07	144.61	0.03
Xenobiotic	PAH	327972	Sigma-Aldrich		316765	YAIBDWAANBTYIA-UHFFFAOYSA-N	Aceanthrenequinone	6373-11-1	C16H8O2	232.0524	233.0603	N/A	N/A	255.0421968	N/A	N/A	231.0446022	N/A	N/A	232.05	N/A	N/A
Xenobiotic	PAH	S662542	Sigma-Aldrich	C18251	160814	JKCATVQPENLMQJ-UHFFFAOYSA-N	Pyrene-4,5 dione	6217-22-7	C16H8O2	232.0524	233.0603	144.3	0.03	255.0421968	N/A	N/A	231.0446022	N/A	N/A	232.05	N/A	N/A
Xenobiotic	PAH			C19195	104987	OSKRAISUPBTHCP-UHFFFAOYSA-N	Benz(j)aceanthrylene	202-33-5	C20H12	252.0939	253.1017	155.08	0.03	275.0836652	N/A	N/A	251.0860706	N/A	N/A	252.09	152.68	0.08
Xenobiotic	PAH			C14320	9153	FTOVXSOBNPWTSH-UHFFFAOYSA-N	Benzo(b)fluoranthene	205-99-2	C20H12	252.0939	253.1017	N/A	N/A	275.0836652	N/A	N/A	251.0860706	N/A	N/A	252.09	151.95	0.08
Xenobiotic	PAH			C14321	9158	HAXBIWFMXWRORI-UHFFFAOYSA-N	Benzo(k)fluoranthene	207-08-9	C20H12	252.0939	253.1017	154.36	0.53	275.0836652	N/A	N/A	251.0860706	N/A	N/A	252.09	152.98	0.17
Xenobiotic	PAH				6697	HUKPVYBUJRAUAG-UHFFFAOYSA-N	Benzo(a)Pyrene	50-32-8	C20H12	252.0939	253.1017	152.05	0.08	275.08367	N/A	N/A	251.0860754	N/A	N/A	252.09	151.24	0.11
Xenobiotic	PAH	198773	Sigma-Aldrich		14160	LZPBKINTWROMEA-UHFFFAOYSA-N	5, 12-naphthacene quinone	1090-13-7	C18H10O2	258.0681	259.0759	157.54	0.88	281.057846	N/A	N/A	257.0602514	N/A	N/A	258.07	N/A	N/A
Xenobiotic	PAH	BCR091	Sigma-Aldrich	C19327	9118	YFIJJNAKSZUOLT-UHFFFAOYSA-N	Anthanthrene	191-26-4	C22H12	276.0939	277.1017	N/A	N/A	299.0836652	N/A	N/A	275.0860706	N/A	N/A	276.09	N/A	N/A
Xenobiotic	PAH	49475-U	Sigma-Aldrich	C14318	9117	GYFAGKUZYNFMBN-UHFFFAOYSA-N	Benzo(g,h,i)perylene	191-24-2	C22H12	276.0939	277.1017	157.31	0.12	299.0836652	N/A	N/A	275.0860706	N/A	N/A	276.09	155.83	0.11
Xenobiotic	PAH	48499	Sigma-Aldrich	C19251	9131	SXQBHARYMNFBPS-UHFFFAOYSA-N	Indeno(1,2,3-cd)pyrene	193-39-5	C22H12	276.0939	277.1017	159.65	0.56	299.0836652	N/A	N/A	275.0860706	N/A	N/A	276.09	158.15	0.19
Xenobiotic	PAH	C84801	Sigma-Aldrich	C19375	9115	VPUGDVKSAQVFFS-UHFFFAOYSA-N	Coronene	191-07-1	C24H12	300.0939	301.1017	N/A	N/A	323.0836652	N/A	N/A	299.0860706	N/A	N/A	300.09	161.87	0.12
Xenobiotic	PAH	BCR159	Sigma-Aldrich	C19222	9108	RXUSYFJGDZFVND-UHFFFAOYSA-N	Dibenzo(a,h)pyrene	189-64-0	C24H14	302.1095	303.1174	166.49	0.1	325.0993144	N/A	N/A	301.1017198	N/A	N/A	302.11	165.22	0.08
Xenobiotic	PAH		Sigma-Aldrich		67449	GQDKQZAEQBGVBS-UHFFFAOYSA-N	Dibenzochrysene	191-68-4	C24H14	302.1095	303.1174	166.69	0.05	325.0993144	N/A	N/A	301.1017198	N/A	N/A	302.11	165.45	0.06
Xenobiotic	PAH	D115606	Sigma-Aldrich		6749	BOKGTLAJQHTOKE-UHFFFAOYSA-N	1, 5 dihydroxynaphthalene	83-56-7	C10H8O2	160.0524268	161.0602514	N/A	N/A	183.0421968	N/A	N/A	159.0446	134.35	0.35			
Xenobiotic	PAH					XWSLTTWKRKWHAT-UHFFFAOYSA-N	12-Hydroxybenzo(a)pyrene	56892-33-2	C20H12O	268.088102	269.0959266	N/A	N/A	291.077872	N/A	N/A	267.081	163.98	0.06			
Xenobiotic	PAH	sc-490469	Santa Cruz Biotechnology			CNQAYISXCZTDQX-UHFFFAOYSA-N	7-hydroxybenzo(a)pyrene	37994-82-4	C20H12O	268.088102	269.0959266	N/A	N/A	291.077872	N/A	N/A	267.081	164.08	0			
Xenobiotic	PAH	H905350	Toronto Research Chemicals		37766	VXFDOYXVHRYCGS-UHFFFAOYSA-N	6-Hydroxychrysene	37515-51-8	C18H12O	244.088102	245.0959266	N/A	N/A	267.077872	N/A	N/A	243.081	158.68	0.07			
Xenobiotic	PAH	361518	Sigma-Aldrich		21387	BIJNHUAPTJVVNQ-UHFFFAOYSA-N	1-Hydroxypyrene	5315-79-7	C16H10O	218.073161	219.0809856	N/A	N/A	241.062931	N/A	N/A	217.0653	149.26	0.08			
Xenobiotic	PAH	37760	Sigma-Aldrich		7091	JRNGUTKWMSBIBF-UHFFFAOYSA-N	2, 3-dihydroxynaphthalene	92-44-4	C10H8O2	160.0524268	161.0602514	N/A	N/A	183.0421968	N/A	N/A	159.0446	132.44	0.16			